2026-10-05T14:44:49.324+03:00  INFO 30884 --- [taskmanager] [main] c.e.taskmanager.TaskmanagerApplication   : Starting TaskmanagerApplication using Java 21.0.10 with PID 30884 (C:\Users\Виталий\Desktop\taskmanager\target\classes started by Виталий in C:\Users\Виталий\Desktop\taskmanager)
2026-10-05T14:44:49.326+03:00  INFO 30884 --- [taskmanager] [main] c.e.taskmanager.TaskmanagerApplication   : No active profile set, falling back to 1 default profile: "default"
2026-10-05T14:44:50.108+03:00  INFO 30884 --- [taskmanager] [main] .s.d.r.c.RepositoryConfigurationDelegate : Bootstrapping Spring Data JPA repositories in DEFAULT mode.
2026-10-05T14:44:50.162+03:00  INFO 30884 --- [taskmanager] [main] .s.d.r.c.RepositoryConfigurationDelegate : Finished Spring Data repository scanning in 47 ms. Found 4 JPA repository interfaces.
2026-10-05T14:44:50.689+03:00  INFO 30884 --- [taskmanager] [main] o.s.boot.tomcat.TomcatWebServer          : Tomcat initialized with port 8080 (http)
2026-10-05T14:44:50.700+03:00  INFO 30884 --- [taskmanager] [main] o.apache.catalina.core.StandardService   : Starting service [Tomcat]
2026-10-05T14:44:50.701+03:00  INFO 30884 --- [taskmanager] [main] o.apache.catalina.core.StandardEngine    : Starting Servlet engine: [Apache Tomcat/11.0.24]
2026-10-05T14:44:50.744+03:00  INFO 30884 --- [taskmanager] [main] b.w.c.s.WebApplicationContextInitializer : Root WebApplicationContext: initialization completed in 1389 ms
2026-10-05T14:44:51.029+03:00 DEBUG 30884 --- [taskmanager] [main] o.f.c.i.s.classpath.ClassPathScanner     : Scanning for classpath resources at 'classpath:db/callback' ...
2026-10-05T14:44:51.029+03:00 DEBUG 30884 --- [taskmanager] [main] o.f.c.i.s.classpath.ClassPathScanner     : Determining location urls for classpath:db/callback using ClassLoader TomcatEmbeddedWebappClassLoader
  context: ROOT
  delegate: true
----------> Parent Classloader:
jdk.internal.loader.ClassLoaders$AppClassLoader@3fee733d
 ...
2026-10-05T14:44:51.029+03:00 DEBUG 30884 --- [taskmanager] [main] o.f.c.i.s.classpath.ClassPathScanner     : Unable to resolve location classpath:db/callback.
2026-10-05T14:44:51.029+03:00 DEBUG 30884 --- [taskmanager] [main] o.f.c.i.s.classpath.ClassPathScanner     : Scanning for classpath resources at 'classpath:db/migration' ...
2026-10-05T14:44:51.029+03:00 DEBUG 30884 --- [taskmanager] [main] o.f.c.i.s.classpath.ClassPathScanner     : Determining location urls for classpath:db/migration using ClassLoader TomcatEmbeddedWebappClassLoader
  context: ROOT
  delegate: true
----------> Parent Classloader:
jdk.internal.loader.ClassLoaders$AppClassLoader@3fee733d
 ...
2026-10-05T14:44:51.030+03:00 DEBUG 30884 --- [taskmanager] [main] o.f.c.i.s.classpath.ClassPathScanner     : Scanning URL: file:/C:/Users/%d0%92%d0%b8%d1%82%d0%b0%d0%bb%d0%b8%d0%b9/Desktop/taskmanager/target/classes/db/migration
2026-10-05T14:44:51.031+03:00 DEBUG 30884 --- [taskmanager] [main] i.s.c.FileSystemClassPathLocationScanner : Scanning starting at classpath root in filesystem: C:\Users\Виталий\Desktop\taskmanager\target\classes\
2026-10-05T14:44:51.031+03:00 DEBUG 30884 --- [taskmanager] [main] i.s.c.FileSystemClassPathLocationScanner : Scanning for resources in path: C:\Users\Виталий\Desktop\taskmanager\target\classes\db\migration (db/migration)
2026-10-05T14:44:51.033+03:00 DEBUG 30884 --- [taskmanager] [main] o.f.c.i.s.classpath.ClassPathScanner     : Found resource: db/migration/V1__create_tables.sql
2026-10-05T14:44:51.033+03:00 DEBUG 30884 --- [taskmanager] [main] o.f.c.i.s.classpath.ClassPathScanner     : Found resource: db/migration/V2__add_created_at_to_tasks.sql
2026-10-05T14:44:51.033+03:00 DEBUG 30884 --- [taskmanager] [main] o.f.c.i.s.classpath.ClassPathScanner     : Found resource: db/migration/V3__create_refresh_tokens.sql
2026-10-05T14:44:51.033+03:00 DEBUG 30884 --- [taskmanager] [main] o.f.c.i.s.classpath.ClassPathScanner     : Scanning for classes at classpath:db/migration
2026-10-05T14:44:51.035+03:00  INFO 30884 --- [taskmanager] [main] com.zaxxer.hikari.HikariDataSource       : HikariPool-1 - Starting...
2026-10-05T14:44:51.167+03:00  INFO 30884 --- [taskmanager] [main] com.zaxxer.hikari.pool.HikariPool        : HikariPool-1 - Added connection conn0: url=jdbc:h2:mem:taskdb user=SA
2026-10-05T14:44:51.169+03:00  INFO 30884 --- [taskmanager] [main] com.zaxxer.hikari.HikariDataSource       : HikariPool-1 - Start completed.
2026-10-05T14:44:51.179+03:00 DEBUG 30884 --- [taskmanager] [main] o.f.c.i.resource.ResourceNameValidator   : Validating V2__add_created_at_to_tasks.sql
2026-10-05T14:44:51.180+03:00 DEBUG 30884 --- [taskmanager] [main] o.f.c.i.resource.ResourceNameValidator   : Validating V3__create_refresh_tokens.sql
2026-10-05T14:44:51.180+03:00 DEBUG 30884 --- [taskmanager] [main] o.f.c.i.resource.ResourceNameValidator   : Validating V1__create_tables.sql
2026-10-05T14:44:51.203+03:00  INFO 30884 --- [taskmanager] [main] org.flywaydb.core.FlywayExecutor         : Database: jdbc:h2:mem:taskdb (H2 2.4)
2026-10-05T14:44:51.203+03:00 DEBUG 30884 --- [taskmanager] [main] org.flywaydb.core.FlywayExecutor         : Database Type: H2
2026-10-05T14:44:51.203+03:00 DEBUG 30884 --- [taskmanager] [main] org.flywaydb.core.FlywayExecutor         : Driver: H2 JDBC Driver 2.4.240 (2025-09-22)
2026-10-05T14:44:51.204+03:00 DEBUG 30884 --- [taskmanager] [main] org.flywaydb.core.FlywayExecutor         : DDL Transactions Supported: false
2026-10-05T14:44:51.205+03:00 DEBUG 30884 --- [taskmanager] [main] o.f.c.i.s.SchemaHistoryFactory           : Schemas: 
2026-10-05T14:44:51.205+03:00 DEBUG 30884 --- [taskmanager] [main] o.f.c.i.s.SchemaHistoryFactory           : Default schema: null
2026-10-05T14:44:51.208+03:00  WARN 30884 --- [taskmanager] [main] o.f.c.internal.database.base.Database    : Flyway upgrade recommended: H2 2.4.240 is newer than this version of Flyway and support has not been tested. The latest supported version of H2 is 2.3.232.
2026-10-05T14:44:51.209+03:00 DEBUG 30884 --- [taskmanager] [main] org.flywaydb.core.FlywayExecutor         : Scanning for script callbacks ...
2026-10-05T14:44:51.211+03:00 DEBUG 30884 --- [taskmanager] [main] o.f.c.i.c.SqlScriptCallbackFactory       : Scanning for SQL callbacks ...
2026-10-05T14:44:51.217+03:00 DEBUG 30884 --- [taskmanager] [main] o.f.core.internal.command.DbValidate     : Validating migrations ...
2026-10-05T14:44:51.219+03:00 DEBUG 30884 --- [taskmanager] [main] o.f.c.a.c.ClassicConfiguration           : CherryPickConfigurationExtension not found
2026-10-05T14:44:51.244+03:00 DEBUG 30884 --- [taskmanager] [main] o.f.core.internal.scanner.Scanner        : Filtering out resource: db/migration/V2__add_created_at_to_tasks.sql (filename: V2__add_created_at_to_tasks.sql)
2026-10-05T14:44:51.244+03:00 DEBUG 30884 --- [taskmanager] [main] o.f.core.internal.scanner.Scanner        : Filtering out resource: db/migration/V3__create_refresh_tokens.sql (filename: V3__create_refresh_tokens.sql)
2026-10-05T14:44:51.245+03:00 DEBUG 30884 --- [taskmanager] [main] o.f.core.internal.scanner.Scanner        : Filtering out resource: db/migration/V1__create_tables.sql (filename: V1__create_tables.sql)
2026-10-05T14:44:51.245+03:00 DEBUG 30884 --- [taskmanager] [main] o.f.core.internal.scanner.Scanner        : Filtering out resource: db/migration/V2__add_created_at_to_tasks.sql (filename: V2__add_created_at_to_tasks.sql)
2026-10-05T14:44:51.245+03:00 DEBUG 30884 --- [taskmanager] [main] o.f.core.internal.scanner.Scanner        : Filtering out resource: db/migration/V3__create_refresh_tokens.sql (filename: V3__create_refresh_tokens.sql)
2026-10-05T14:44:51.245+03:00 DEBUG 30884 --- [taskmanager] [main] o.f.core.internal.scanner.Scanner        : Filtering out resource: db/migration/V1__create_tables.sql (filename: V1__create_tables.sql)
2026-10-05T14:44:51.246+03:00 DEBUG 30884 --- [taskmanager] [main] o.f.core.internal.scanner.Scanner        : Filtering out resource: db/migration/V2__add_created_at_to_tasks.sql (filename: V2__add_created_at_to_tasks.sql)
2026-10-05T14:44:51.247+03:00 DEBUG 30884 --- [taskmanager] [main] o.f.core.internal.scanner.Scanner        : Filtering out resource: db/migration/V3__create_refresh_tokens.sql (filename: V3__create_refresh_tokens.sql)
2026-10-05T14:44:51.247+03:00 DEBUG 30884 --- [taskmanager] [main] o.f.core.internal.scanner.Scanner        : Filtering out resource: db/migration/V1__create_tables.sql (filename: V1__create_tables.sql)
2026-10-05T14:44:51.247+03:00 DEBUG 30884 --- [taskmanager] [main] o.f.core.internal.scanner.Scanner        : Filtering out resource: db/migration/V2__add_created_at_to_tasks.sql (filename: V2__add_created_at_to_tasks.sql)
2026-10-05T14:44:51.247+03:00 DEBUG 30884 --- [taskmanager] [main] o.f.core.internal.scanner.Scanner        : Filtering out resource: db/migration/V3__create_refresh_tokens.sql (filename: V3__create_refresh_tokens.sql)
2026-10-05T14:44:51.247+03:00 DEBUG 30884 --- [taskmanager] [main] o.f.core.internal.scanner.Scanner        : Filtering out resource: db/migration/V1__create_tables.sql (filename: V1__create_tables.sql)
2026-10-05T14:44:51.249+03:00  INFO 30884 --- [taskmanager] [main] o.f.c.i.s.JdbcTableSchemaHistory         : Schema history table "PUBLIC"."flyway_schema_history" does not exist yet
2026-10-05T14:44:51.251+03:00  INFO 30884 --- [taskmanager] [main] o.f.core.internal.command.DbValidate     : Successfully validated 3 migrations (execution time 00:00.034s)
2026-10-05T14:44:51.253+03:00 DEBUG 30884 --- [taskmanager] [main] o.f.core.internal.command.DbSchemas      : Skipping creation of existing schema: "PUBLIC"
2026-10-05T14:44:51.257+03:00  INFO 30884 --- [taskmanager] [main] o.f.c.i.s.JdbcTableSchemaHistory         : Creating Schema History table "PUBLIC"."flyway_schema_history" ...
2026-10-05T14:44:51.260+03:00 DEBUG 30884 --- [taskmanager] [main] o.flywaydb.core.internal.parser.Parser   : Parsing  ...
2026-10-05T14:44:51.269+03:00 DEBUG 30884 --- [taskmanager] [main] o.f.c.i.sqlscript.ParserSqlScript        : Found statement at line 1: CREATE TABLE IF NOT EXISTS "PUBLIC"."flyway_schema_history" (
    "installed_rank" INT NOT NULL,
    "version" VARCHAR(50),
    "description" VARCHAR(200) NOT NULL,
    "type" VARCHAR(20) NOT NULL,
    "script" VARCHAR(1000) NOT NULL,
    "checksum" INT,
    "installed_by" VARCHAR(100) NOT NULL,
    "installed_on" TIMESTAMP NOT NULL DEFAULT CURRENT_TIMESTAMP,
    "execution_time" INT NOT NULL,
    "success" BOOLEAN NOT NULL,
    CONSTRAINT "flyway_schema_history_pk" PRIMARY KEY ("installed_rank")
) AS SELECT -1, NULL, '<< Flyway Schema History table created >>', 'TABLE', '', NULL, 'SA', CURRENT_TIMESTAMP, 0, TRUE
2026-10-05T14:44:51.270+03:00 DEBUG 30884 --- [taskmanager] [main] o.f.c.i.sqlscript.ParserSqlScript        : Found statement at line 14: CREATE INDEX "PUBLIC"."flyway_schema_history_s_idx" ON "PUBLIC"."flyway_schema_history" ("success")
2026-10-05T14:44:51.271+03:00 DEBUG 30884 --- [taskmanager] [main] o.f.c.i.s.DefaultSqlScriptExecutor       : Executing SQL: CREATE TABLE IF NOT EXISTS "PUBLIC"."flyway_schema_history" (
    "installed_rank" INT NOT NULL,
    "version" VARCHAR(50),
    "description" VARCHAR(200) NOT NULL,
    "type" VARCHAR(20) NOT NULL,
    "script" VARCHAR(1000) NOT NULL,
    "checksum" INT,
    "installed_by" VARCHAR(100) NOT NULL,
    "installed_on" TIMESTAMP NOT NULL DEFAULT CURRENT_TIMESTAMP,
    "execution_time" INT NOT NULL,
    "success" BOOLEAN NOT NULL,
    CONSTRAINT "flyway_schema_history_pk" PRIMARY KEY ("installed_rank")
) AS SELECT -1, NULL, '<< Flyway Schema History table created >>', 'TABLE', '', NULL, 'SA', CURRENT_TIMESTAMP, 0, TRUE
2026-10-05T14:44:51.279+03:00 DEBUG 30884 --- [taskmanager] [main] o.f.c.i.s.DefaultSqlScriptExecutor       : 0 rows affected
2026-10-05T14:44:51.280+03:00 DEBUG 30884 --- [taskmanager] [main] o.f.c.i.s.DefaultSqlScriptExecutor       : Executing SQL: CREATE INDEX "PUBLIC"."flyway_schema_history_s_idx" ON "PUBLIC"."flyway_schema_history" ("success")
2026-10-05T14:44:51.281+03:00 DEBUG 30884 --- [taskmanager] [main] o.f.c.i.s.DefaultSqlScriptExecutor       : 0 rows affected
2026-10-05T14:44:51.282+03:00 DEBUG 30884 --- [taskmanager] [main] o.f.c.i.s.JdbcTableSchemaHistory         : Created Schema History table "PUBLIC"."flyway_schema_history"
2026-10-05T14:44:51.285+03:00 DEBUG 30884 --- [taskmanager] [main] o.f.c.a.c.ClassicConfiguration           : CherryPickConfigurationExtension not found
2026-10-05T14:44:51.290+03:00  INFO 30884 --- [taskmanager] [main] o.f.core.internal.command.DbMigrate      : Current version of schema "PUBLIC": << Empty Schema >>
2026-10-05T14:44:51.291+03:00 DEBUG 30884 --- [taskmanager] [main] o.flywaydb.core.internal.parser.Parser   : Parsing V1__create_tables.sql ...
2026-10-05T14:44:51.294+03:00 DEBUG 30884 --- [taskmanager] [main] o.f.c.i.sqlscript.ParserSqlScript        : Found statement at line 1: CREATE TABLE users (
                       id BIGINT GENERATED BY DEFAULT AS IDENTITY PRIMARY KEY,
                       email VARCHAR(255) NOT NULL UNIQUE,
                       password VARCHAR(255) NOT NULL,
                       role VARCHAR(50) NOT NULL
)
2026-10-05T14:44:51.295+03:00 DEBUG 30884 --- [taskmanager] [main] o.f.c.i.sqlscript.ParserSqlScript        : Found statement at line 8: CREATE TABLE tasks (
                       id BIGINT GENERATED BY DEFAULT AS IDENTITY PRIMARY KEY,
                       title VARCHAR(255) NOT NULL,
                       description VARCHAR(255),
                       priority VARCHAR(50) NOT NULL,
                       status VARCHAR(50) NOT NULL DEFAULT 'NEW',
                       owner_id BIGINT,
                       CONSTRAINT fk_tasks_owner FOREIGN KEY (owner_id) REFERENCES users(id)
)
2026-10-05T14:44:51.296+03:00 DEBUG 30884 --- [taskmanager] [main] o.f.c.i.sqlscript.ParserSqlScript        : Found statement at line 18: CREATE TABLE audit_logs (
                            id BIGINT GENERATED BY DEFAULT AS IDENTITY PRIMARY KEY,
                            action VARCHAR(255) NOT NULL,
                            task_id BIGINT,
                            created_at TIMESTAMP NOT NULL
)
2026-10-05T14:44:51.296+03:00 DEBUG 30884 --- [taskmanager] [main] o.f.c.i.sqlscript.ParserSqlScript        : Found statement at line 25: INSERT INTO tasks (title, description, priority, status)
VALUES ('Изучить Flyway', 'Первая миграция', 'HIGH', 'NEW'),
       ('Написать тесты', 'Потом', 'MEDIUM', 'NEW')
2026-10-05T14:44:51.298+03:00 DEBUG 30884 --- [taskmanager] [main] o.f.core.internal.command.DbMigrate      : Starting migration of schema "PUBLIC" to version "1 - create tables" ...
2026-10-05T14:44:51.299+03:00  INFO 30884 --- [taskmanager] [main] o.f.core.internal.command.DbMigrate      : Migrating schema "PUBLIC" to version "1 - create tables"
2026-10-05T14:44:51.300+03:00 DEBUG 30884 --- [taskmanager] [main] o.f.c.i.s.DefaultSqlScriptExecutor       : Executing SQL: CREATE TABLE users (
                       id BIGINT GENERATED BY DEFAULT AS IDENTITY PRIMARY KEY,
                       email VARCHAR(255) NOT NULL UNIQUE,
                       password VARCHAR(255) NOT NULL,
                       role VARCHAR(50) NOT NULL
)
2026-10-05T14:44:51.304+03:00 DEBUG 30884 --- [taskmanager] [main] o.f.c.i.s.DefaultSqlScriptExecutor       : 0 rows affected
2026-10-05T14:44:51.304+03:00 DEBUG 30884 --- [taskmanager] [main] o.f.c.i.s.DefaultSqlScriptExecutor       : Executing SQL: CREATE TABLE tasks (
                       id BIGINT GENERATED BY DEFAULT AS IDENTITY PRIMARY KEY,
                       title VARCHAR(255) NOT NULL,
                       description VARCHAR(255),
                       priority VARCHAR(50) NOT NULL,
                       status VARCHAR(50) NOT NULL DEFAULT 'NEW',
                       owner_id BIGINT,
                       CONSTRAINT fk_tasks_owner FOREIGN KEY (owner_id) REFERENCES users(id)
)
2026-10-05T14:44:51.308+03:00 DEBUG 30884 --- [taskmanager] [main] o.f.c.i.s.DefaultSqlScriptExecutor       : 0 rows affected
2026-10-05T14:44:51.308+03:00 DEBUG 30884 --- [taskmanager] [main] o.f.c.i.s.DefaultSqlScriptExecutor       : Executing SQL: CREATE TABLE audit_logs (
                            id BIGINT GENERATED BY DEFAULT AS IDENTITY PRIMARY KEY,
                            action VARCHAR(255) NOT NULL,
                            task_id BIGINT,
                            created_at TIMESTAMP NOT NULL
)
2026-10-05T14:44:51.309+03:00 DEBUG 30884 --- [taskmanager] [main] o.f.c.i.s.DefaultSqlScriptExecutor       : 0 rows affected
2026-10-05T14:44:51.309+03:00 DEBUG 30884 --- [taskmanager] [main] o.f.c.i.s.DefaultSqlScriptExecutor       : Executing SQL: INSERT INTO tasks (title, description, priority, status)
VALUES ('Изучить Flyway', 'Первая миграция', 'HIGH', 'NEW'),
       ('Написать тесты', 'Потом', 'MEDIUM', 'NEW')
2026-10-05T14:44:51.309+03:00 DEBUG 30884 --- [taskmanager] [main] o.f.c.i.s.DefaultSqlScriptExecutor       : 2 rows affected
2026-10-05T14:44:51.309+03:00 DEBUG 30884 --- [taskmanager] [main] o.f.core.internal.command.DbMigrate      : Successfully completed migration of schema "PUBLIC" to version "1 - create tables"
2026-10-05T14:44:51.312+03:00 DEBUG 30884 --- [taskmanager] [main] o.f.c.i.s.JdbcTableSchemaHistory         : Schema History table "PUBLIC"."flyway_schema_history" successfully updated to reflect changes
2026-10-05T14:44:51.313+03:00 DEBUG 30884 --- [taskmanager] [main] o.f.c.a.c.ClassicConfiguration           : CherryPickConfigurationExtension not found
2026-10-05T14:44:51.315+03:00 DEBUG 30884 --- [taskmanager] [main] o.flywaydb.core.internal.parser.Parser   : Parsing V2__add_created_at_to_tasks.sql ...
2026-10-05T14:44:51.317+03:00 DEBUG 30884 --- [taskmanager] [main] o.f.c.i.sqlscript.ParserSqlScript        : Found statement at line 1: ALTER TABLE tasks ADD COLUMN created_at TIMESTAMP DEFAULT NOW()
2026-10-05T14:44:51.317+03:00 DEBUG 30884 --- [taskmanager] [main] o.f.core.internal.command.DbMigrate      : Starting migration of schema "PUBLIC" to version "2 - add created at to tasks" ...
2026-10-05T14:44:51.317+03:00  INFO 30884 --- [taskmanager] [main] o.f.core.internal.command.DbMigrate      : Migrating schema "PUBLIC" to version "2 - add created at to tasks"
2026-10-05T14:44:51.317+03:00 DEBUG 30884 --- [taskmanager] [main] o.f.c.i.s.DefaultSqlScriptExecutor       : Executing SQL: ALTER TABLE tasks ADD COLUMN created_at TIMESTAMP DEFAULT NOW()
2026-10-05T14:44:51.321+03:00 DEBUG 30884 --- [taskmanager] [main] o.f.c.i.s.DefaultSqlScriptExecutor       : 0 rows affected
2026-10-05T14:44:51.322+03:00 DEBUG 30884 --- [taskmanager] [main] o.f.core.internal.command.DbMigrate      : Successfully completed migration of schema "PUBLIC" to version "2 - add created at to tasks"
2026-10-05T14:44:51.323+03:00 DEBUG 30884 --- [taskmanager] [main] o.f.c.i.s.JdbcTableSchemaHistory         : Schema History table "PUBLIC"."flyway_schema_history" successfully updated to reflect changes
2026-10-05T14:44:51.323+03:00 DEBUG 30884 --- [taskmanager] [main] o.f.c.a.c.ClassicConfiguration           : CherryPickConfigurationExtension not found
2026-10-05T14:44:51.323+03:00 DEBUG 30884 --- [taskmanager] [main] o.flywaydb.core.internal.parser.Parser   : Parsing V3__create_refresh_tokens.sql ...
2026-10-05T14:44:51.325+03:00 DEBUG 30884 --- [taskmanager] [main] o.f.c.i.sqlscript.ParserSqlScript        : Found statement at line 1: CREATE TABLE refresh_tokens (
                                id BIGINT GENERATED BY DEFAULT AS IDENTITY PRIMARY KEY,
                                token VARCHAR(255) NOT NULL UNIQUE,
                                user_id BIGINT,
                                expires_at TIMESTAMP NOT NULL,
                                CONSTRAINT fk_refresh_user FOREIGN KEY (user_id) REFERENCES users(id)
)
2026-10-05T14:44:51.325+03:00 DEBUG 30884 --- [taskmanager] [main] o.f.core.internal.command.DbMigrate      : Starting migration of schema "PUBLIC" to version "3 - create refresh tokens" ...
2026-10-05T14:44:51.325+03:00  INFO 30884 --- [taskmanager] [main] o.f.core.internal.command.DbMigrate      : Migrating schema "PUBLIC" to version "3 - create refresh tokens"
2026-10-05T14:44:51.325+03:00 DEBUG 30884 --- [taskmanager] [main] o.f.c.i.s.DefaultSqlScriptExecutor       : Executing SQL: CREATE TABLE refresh_tokens (
                                id BIGINT GENERATED BY DEFAULT AS IDENTITY PRIMARY KEY,
                                token VARCHAR(255) NOT NULL UNIQUE,
                                user_id BIGINT,
                                expires_at TIMESTAMP NOT NULL,
                                CONSTRAINT fk_refresh_user FOREIGN KEY (user_id) REFERENCES users(id)
)
2026-10-05T14:44:51.327+03:00 DEBUG 30884 --- [taskmanager] [main] o.f.c.i.s.DefaultSqlScriptExecutor       : 0 rows affected
2026-10-05T14:44:51.328+03:00 DEBUG 30884 --- [taskmanager] [main] o.f.core.internal.command.DbMigrate      : Successfully completed migration of schema "PUBLIC" to version "3 - create refresh tokens"
2026-10-05T14:44:51.329+03:00 DEBUG 30884 --- [taskmanager] [main] o.f.c.i.s.JdbcTableSchemaHistory         : Schema History table "PUBLIC"."flyway_schema_history" successfully updated to reflect changes
2026-10-05T14:44:51.330+03:00 DEBUG 30884 --- [taskmanager] [main] o.f.c.a.c.ClassicConfiguration           : CherryPickConfigurationExtension not found
2026-10-05T14:44:51.333+03:00  INFO 30884 --- [taskmanager] [main] o.f.core.internal.command.DbMigrate      : Successfully applied 3 migrations to schema "PUBLIC", now at version v3 (execution time 00:00.018s)
2026-10-05T14:44:51.337+03:00 DEBUG 30884 --- [taskmanager] [main] org.flywaydb.core.FlywayExecutor         : Memory usage: 66 of 96M
2026-10-05T14:44:51.411+03:00  INFO 30884 --- [taskmanager] [main] org.hibernate.orm.jpa                    : HHH008540: Processing PersistenceUnitInfo [name: default]
2026-10-05T14:44:51.452+03:00  INFO 30884 --- [taskmanager] [main] org.hibernate.orm.core                   : HHH000001: Hibernate ORM core version 7.4.5.Final
2026-10-05T14:44:51.775+03:00  INFO 30884 --- [taskmanager] [main] o.s.o.j.p.SpringPersistenceUnitInfo      : No LoadTimeWeaver setup: ignoring JPA class transformer
2026-10-05T14:44:51.835+03:00  INFO 30884 --- [taskmanager] [main] org.hibernate.orm.connections.pooling    : HHH10001005: Database info:
	Database JDBC URL [jdbc:h2:mem:taskdb]
	Database driver: H2 JDBC Driver
	Database dialect: H2Dialect
	Database version: 2.4.240
	Default catalog/schema: TASKDB/PUBLIC
	Autocommit mode: undefined/unknown
	Isolation level: READ_COMMITTED [default READ_COMMITTED]
	JDBC fetch size: 100
	Pool: DataSourceConnectionProvider
	Minimum pool size: undefined/unknown
	Maximum pool size: undefined/unknown
2026-10-05T14:44:52.574+03:00  INFO 30884 --- [taskmanager] [main] org.hibernate.orm.core                   : HHH000489: No JTA platform available (set 'hibernate.transaction.jta.platform' to enable JTA platform integration)
2026-10-05T14:44:52.579+03:00  INFO 30884 --- [taskmanager] [main] j.LocalContainerEntityManagerFactoryBean : Initialized JPA EntityManagerFactory for persistence unit 'default'
2026-10-05T14:44:52.634+03:00  INFO 30884 --- [taskmanager] [main] o.s.d.j.r.query.QueryEnhancerFactories   : Hibernate is in classpath; If applicable, HQL parser will be used.
2026-10-05T14:44:52.817+03:00  INFO 30884 --- [taskmanager] [main] r$InitializeUserDetailsManagerConfigurer : Global AuthenticationManager configured with UserDetailsService bean with name userDetailsServiceImpl
2026-10-05T14:44:53.136+03:00 TRACE 30884 --- [taskmanager] [main] t.a.AnnotationTransactionAttributeSource : Adding transactional method 'com.example.taskmanager.service.RefreshTokenService.create' with attribute: PROPAGATION_REQUIRED,ISOLATION_DEFAULT
2026-10-05T14:44:53.142+03:00 TRACE 30884 --- [taskmanager] [main] t.a.AnnotationTransactionAttributeSource : Adding transactional method 'com.example.taskmanager.service.RefreshTokenService.verify' with attribute: PROPAGATION_REQUIRED,ISOLATION_DEFAULT
2026-10-05T14:44:53.142+03:00 TRACE 30884 --- [taskmanager] [main] t.a.AnnotationTransactionAttributeSource : Adding transactional method 'com.example.taskmanager.service.RefreshTokenService.deleteByUserId' with attribute: PROPAGATION_REQUIRED,ISOLATION_DEFAULT
2026-10-05T14:44:53.149+03:00 TRACE 30884 --- [taskmanager] [main] t.a.AnnotationTransactionAttributeSource : Adding transactional method 'com.example.taskmanager.service.AuthService.register' with attribute: PROPAGATION_REQUIRED,ISOLATION_DEFAULT
2026-10-05T14:44:53.151+03:00 TRACE 30884 --- [taskmanager] [main] t.a.AnnotationTransactionAttributeSource : Adding transactional method 'com.example.taskmanager.service.AuthService.refresh' with attribute: PROPAGATION_REQUIRED,ISOLATION_DEFAULT
2026-10-05T14:44:53.151+03:00 TRACE 30884 --- [taskmanager] [main] t.a.AnnotationTransactionAttributeSource : Adding transactional method 'com.example.taskmanager.service.AuthService.logout' with attribute: PROPAGATION_REQUIRED,ISOLATION_DEFAULT
2026-10-05T14:44:53.151+03:00 TRACE 30884 --- [taskmanager] [main] t.a.AnnotationTransactionAttributeSource : Adding transactional method 'com.example.taskmanager.service.AuthService.login' with attribute: PROPAGATION_REQUIRED,ISOLATION_DEFAULT
2026-10-05T14:44:53.185+03:00 TRACE 30884 --- [taskmanager] [main] t.a.AnnotationTransactionAttributeSource : Adding transactional method 'com.example.taskmanager.service.AuditService.logAction' with attribute: PROPAGATION_REQUIRES_NEW,ISOLATION_DEFAULT
2026-10-05T14:44:53.189+03:00 TRACE 30884 --- [taskmanager] [main] t.a.AnnotationTransactionAttributeSource : Adding transactional method 'com.example.taskmanager.service.TaskService.update' with attribute: PROPAGATION_REQUIRED,ISOLATION_DEFAULT
2026-10-05T14:44:53.197+03:00 TRACE 30884 --- [taskmanager] [main] t.a.AnnotationTransactionAttributeSource : Adding transactional method 'com.example.taskmanager.service.TaskService.delete' with attribute: PROPAGATION_REQUIRED,ISOLATION_DEFAULT
2026-10-05T14:44:53.197+03:00 TRACE 30884 --- [taskmanager] [main] t.a.AnnotationTransactionAttributeSource : Adding transactional method 'com.example.taskmanager.service.TaskService.create' with attribute: PROPAGATION_REQUIRED,ISOLATION_DEFAULT
2026-10-05T14:44:53.198+03:00 TRACE 30884 --- [taskmanager] [main] t.a.AnnotationTransactionAttributeSource : Adding transactional method 'com.example.taskmanager.service.TaskService.getAll' with attribute: PROPAGATION_REQUIRED,ISOLATION_DEFAULT,readOnly
2026-10-05T14:44:53.198+03:00 TRACE 30884 --- [taskmanager] [main] t.a.AnnotationTransactionAttributeSource : Adding transactional method 'com.example.taskmanager.service.TaskService.updateStatus' with attribute: PROPAGATION_REQUIRED,ISOLATION_DEFAULT
2026-10-05T14:44:53.198+03:00 TRACE 30884 --- [taskmanager] [main] t.a.AnnotationTransactionAttributeSource : Adding transactional method 'com.example.taskmanager.service.TaskService.getById' with attribute: PROPAGATION_REQUIRED,ISOLATION_DEFAULT,readOnly
2026-10-05T14:44:53.198+03:00 TRACE 30884 --- [taskmanager] [main] t.a.AnnotationTransactionAttributeSource : Adding transactional method 'com.example.taskmanager.service.TaskService.getStats' with attribute: PROPAGATION_REQUIRED,ISOLATION_DEFAULT,readOnly
2026-10-05T14:44:53.198+03:00 TRACE 30884 --- [taskmanager] [main] t.a.AnnotationTransactionAttributeSource : Adding transactional method 'com.example.taskmanager.service.TaskService.getMy' with attribute: PROPAGATION_REQUIRED,ISOLATION_DEFAULT,readOnly
2026-10-05T14:44:53.233+03:00  WARN 30884 --- [taskmanager] [main] JpaBaseConfiguration$JpaWebConfiguration : spring.jpa.open-in-view is enabled by default. Therefore, database queries may be performed during view rendering. Explicitly configure spring.jpa.open-in-view to disable this warning
2026-10-05T14:44:53.407+03:00 DEBUG 30884 --- [taskmanager] [main] o.s.s.web.DefaultSecurityFilterChain     : Will secure any request with filters: DisableEncodeUrlFilter, WebAsyncManagerIntegrationFilter, SecurityContextHolderFilter, HeaderWriterFilter, LogoutFilter, JwtAuthFilter, UsernamePasswordAuthenticationFilter, RequestCacheAwareFilter, SecurityContextHolderAwareRequestFilter, AnonymousAuthenticationFilter, SessionManagementFilter, ExceptionTranslationFilter, AuthorizationFilter
2026-10-05T14:44:53.663+03:00  INFO 30884 --- [taskmanager] [main] o.s.b.h.a.H2ConsoleAutoConfiguration     : H2 console available at '/h2-console'. Database available at 'jdbc:h2:mem:taskdb'
2026-10-05T14:44:53.708+03:00  INFO 30884 --- [taskmanager] [main] o.s.boot.tomcat.TomcatWebServer          : Tomcat started on port 8080 (http) with context path '/'
2026-10-05T14:44:53.711+03:00  INFO 30884 --- [taskmanager] [main] c.e.taskmanager.TaskmanagerApplication   : Started TaskmanagerApplication in 4.726 seconds (process running for 5.6)
2026-10-05T14:44:53.715+03:00 TRACE 30884 --- [taskmanager] [main] o.s.t.i.TransactionInterceptor           : No need to create transaction for [org.springframework.data.jpa.repository.support.SimpleJpaRepository.findByEmail]: This method is not transactional.
2026-10-05T14:44:53.880+03:00 TRACE 30884 --- [taskmanager] [main] o.s.t.i.TransactionInterceptor           : Getting transaction for [org.springframework.data.jpa.repository.support.SimpleJpaRepository.save]
2026-10-05T14:44:53.906+03:00 TRACE 30884 --- [taskmanager] [main] o.s.t.i.TransactionInterceptor           : Completing transaction for [org.springframework.data.jpa.repository.support.SimpleJpaRepository.save]
2026-10-05T14:44:53.912+03:00 TRACE 30884 --- [taskmanager] [main] o.s.t.i.TransactionInterceptor           : No need to create transaction for [org.springframework.data.jpa.repository.support.SimpleJpaRepository.findByEmail]: This method is not transactional.
2026-10-05T14:44:53.974+03:00 TRACE 30884 --- [taskmanager] [main] o.s.t.i.TransactionInterceptor           : Getting transaction for [org.springframework.data.jpa.repository.support.SimpleJpaRepository.save]
2026-10-05T14:44:53.975+03:00 TRACE 30884 --- [taskmanager] [main] o.s.t.i.TransactionInterceptor           : Completing transaction for [org.springframework.data.jpa.repository.support.SimpleJpaRepository.save]
2026-10-05T14:58:36.795+03:00  INFO 30884 --- [taskmanager] [SpringApplicationShutdownHook] o.s.boot.tomcat.GracefulShutdown         : Commencing graceful shutdown. Waiting for active requests to complete
2026-10-05T14:58:36.806+03:00  INFO 30884 --- [taskmanager] [tomcat-shutdown] o.s.boot.tomcat.GracefulShutdown         : Graceful shutdown complete
2026-10-05T14:58:36.810+03:00  INFO 30884 --- [taskmanager] [SpringApplicationShutdownHook] j.LocalContainerEntityManagerFactoryBean : Closing JPA EntityManagerFactory for persistence unit 'default'
2026-10-05T14:58:36.812+03:00  INFO 30884 --- [taskmanager] [SpringApplicationShutdownHook] com.zaxxer.hikari.HikariDataSource       : HikariPool-1 - Shutdown initiated...
2026-10-05T14:58:36.814+03:00  INFO 30884 --- [taskmanager] [SpringApplicationShutdownHook] com.zaxxer.hikari.HikariDataSource       : HikariPool-1 - Shutdown completed.
2026-10-05T14:59:51.346+03:00  INFO 18896 --- [taskmanager] [main] c.e.taskmanager.TaskmanagerApplication   : Starting TaskmanagerApplication using Java 21.0.10 with PID 18896 (C:\Users\Виталий\Desktop\taskmanager\target\classes started by Виталий in C:\Users\Виталий\Desktop\taskmanager)
2026-10-05T14:59:51.348+03:00  INFO 18896 --- [taskmanager] [main] c.e.taskmanager.TaskmanagerApplication   : No active profile set, falling back to 1 default profile: "default"
2026-10-05T14:59:52.086+03:00  INFO 18896 --- [taskmanager] [main] .s.d.r.c.RepositoryConfigurationDelegate : Bootstrapping Spring Data JPA repositories in DEFAULT mode.
2026-10-05T14:59:52.133+03:00  INFO 18896 --- [taskmanager] [main] .s.d.r.c.RepositoryConfigurationDelegate : Finished Spring Data repository scanning in 39 ms. Found 4 JPA repository interfaces.
2026-10-05T14:59:52.656+03:00  INFO 18896 --- [taskmanager] [main] o.s.boot.tomcat.TomcatWebServer          : Tomcat initialized with port 8080 (http)
2026-10-05T14:59:52.666+03:00  INFO 18896 --- [taskmanager] [main] o.apache.catalina.core.StandardService   : Starting service [Tomcat]
2026-10-05T14:59:52.666+03:00  INFO 18896 --- [taskmanager] [main] o.apache.catalina.core.StandardEngine    : Starting Servlet engine: [Apache Tomcat/11.0.24]
2026-10-05T14:59:52.711+03:00  INFO 18896 --- [taskmanager] [main] b.w.c.s.WebApplicationContextInitializer : Root WebApplicationContext: initialization completed in 1331 ms
2026-10-05T14:59:52.899+03:00 DEBUG 18896 --- [taskmanager] [main] o.f.c.i.s.classpath.ClassPathScanner     : Scanning for classpath resources at 'classpath:db/callback' ...
2026-10-05T14:59:52.899+03:00 DEBUG 18896 --- [taskmanager] [main] o.f.c.i.s.classpath.ClassPathScanner     : Determining location urls for classpath:db/callback using ClassLoader TomcatEmbeddedWebappClassLoader
  context: ROOT
  delegate: true
----------> Parent Classloader:
jdk.internal.loader.ClassLoaders$AppClassLoader@3fee733d
 ...
2026-10-05T14:59:52.899+03:00 DEBUG 18896 --- [taskmanager] [main] o.f.c.i.s.classpath.ClassPathScanner     : Unable to resolve location classpath:db/callback.
2026-10-05T14:59:52.900+03:00 DEBUG 18896 --- [taskmanager] [main] o.f.c.i.s.classpath.ClassPathScanner     : Scanning for classpath resources at 'classpath:db/migration' ...
2026-10-05T14:59:52.900+03:00 DEBUG 18896 --- [taskmanager] [main] o.f.c.i.s.classpath.ClassPathScanner     : Determining location urls for classpath:db/migration using ClassLoader TomcatEmbeddedWebappClassLoader
  context: ROOT
  delegate: true
----------> Parent Classloader:
jdk.internal.loader.ClassLoaders$AppClassLoader@3fee733d
 ...
2026-10-05T14:59:52.901+03:00 DEBUG 18896 --- [taskmanager] [main] o.f.c.i.s.classpath.ClassPathScanner     : Scanning URL: file:/C:/Users/%d0%92%d0%b8%d1%82%d0%b0%d0%bb%d0%b8%d0%b9/Desktop/taskmanager/target/classes/db/migration
2026-10-05T14:59:52.902+03:00 DEBUG 18896 --- [taskmanager] [main] i.s.c.FileSystemClassPathLocationScanner : Scanning starting at classpath root in filesystem: C:\Users\Виталий\Desktop\taskmanager\target\classes\
2026-10-05T14:59:52.902+03:00 DEBUG 18896 --- [taskmanager] [main] i.s.c.FileSystemClassPathLocationScanner : Scanning for resources in path: C:\Users\Виталий\Desktop\taskmanager\target\classes\db\migration (db/migration)
2026-10-05T14:59:52.904+03:00 DEBUG 18896 --- [taskmanager] [main] o.f.c.i.s.classpath.ClassPathScanner     : Found resource: db/migration/V1__create_tables.sql
2026-10-05T14:59:52.904+03:00 DEBUG 18896 --- [taskmanager] [main] o.f.c.i.s.classpath.ClassPathScanner     : Found resource: db/migration/V2__add_created_at_to_tasks.sql
2026-10-05T14:59:52.904+03:00 DEBUG 18896 --- [taskmanager] [main] o.f.c.i.s.classpath.ClassPathScanner     : Found resource: db/migration/V3__create_refresh_tokens.sql
2026-10-05T14:59:52.904+03:00 DEBUG 18896 --- [taskmanager] [main] o.f.c.i.s.classpath.ClassPathScanner     : Scanning for classes at classpath:db/migration
2026-10-05T14:59:52.906+03:00  INFO 18896 --- [taskmanager] [main] com.zaxxer.hikari.HikariDataSource       : HikariPool-1 - Starting...
2026-10-05T14:59:53.037+03:00  INFO 18896 --- [taskmanager] [main] com.zaxxer.hikari.pool.HikariPool        : HikariPool-1 - Added connection conn0: url=jdbc:h2:mem:taskdb user=SA
2026-10-05T14:59:53.038+03:00  INFO 18896 --- [taskmanager] [main] com.zaxxer.hikari.HikariDataSource       : HikariPool-1 - Start completed.
2026-10-05T14:59:53.049+03:00 DEBUG 18896 --- [taskmanager] [main] o.f.c.i.resource.ResourceNameValidator   : Validating V2__add_created_at_to_tasks.sql
2026-10-05T14:59:53.050+03:00 DEBUG 18896 --- [taskmanager] [main] o.f.c.i.resource.ResourceNameValidator   : Validating V3__create_refresh_tokens.sql
2026-10-05T14:59:53.050+03:00 DEBUG 18896 --- [taskmanager] [main] o.f.c.i.resource.ResourceNameValidator   : Validating V1__create_tables.sql
2026-10-05T14:59:53.072+03:00  INFO 18896 --- [taskmanager] [main] org.flywaydb.core.FlywayExecutor         : Database: jdbc:h2:mem:taskdb (H2 2.4)
2026-10-05T14:59:53.073+03:00 DEBUG 18896 --- [taskmanager] [main] org.flywaydb.core.FlywayExecutor         : Database Type: H2
2026-10-05T14:59:53.073+03:00 DEBUG 18896 --- [taskmanager] [main] org.flywaydb.core.FlywayExecutor         : Driver: H2 JDBC Driver 2.4.240 (2025-09-22)
2026-10-05T14:59:53.073+03:00 DEBUG 18896 --- [taskmanager] [main] org.flywaydb.core.FlywayExecutor         : DDL Transactions Supported: false
2026-10-05T14:59:53.074+03:00 DEBUG 18896 --- [taskmanager] [main] o.f.c.i.s.SchemaHistoryFactory           : Schemas: 
2026-10-05T14:59:53.074+03:00 DEBUG 18896 --- [taskmanager] [main] o.f.c.i.s.SchemaHistoryFactory           : Default schema: null
2026-10-05T14:59:53.077+03:00  WARN 18896 --- [taskmanager] [main] o.f.c.internal.database.base.Database    : Flyway upgrade recommended: H2 2.4.240 is newer than this version of Flyway and support has not been tested. The latest supported version of H2 is 2.3.232.
2026-10-05T14:59:53.078+03:00 DEBUG 18896 --- [taskmanager] [main] org.flywaydb.core.FlywayExecutor         : Scanning for script callbacks ...
2026-10-05T14:59:53.080+03:00 DEBUG 18896 --- [taskmanager] [main] o.f.c.i.c.SqlScriptCallbackFactory       : Scanning for SQL callbacks ...
2026-10-05T14:59:53.087+03:00 DEBUG 18896 --- [taskmanager] [main] o.f.core.internal.command.DbValidate     : Validating migrations ...
2026-10-05T14:59:53.089+03:00 DEBUG 18896 --- [taskmanager] [main] o.f.c.a.c.ClassicConfiguration           : CherryPickConfigurationExtension not found
2026-10-05T14:59:53.102+03:00 DEBUG 18896 --- [taskmanager] [main] o.f.core.internal.scanner.Scanner        : Filtering out resource: db/migration/V2__add_created_at_to_tasks.sql (filename: V2__add_created_at_to_tasks.sql)
2026-10-05T14:59:53.102+03:00 DEBUG 18896 --- [taskmanager] [main] o.f.core.internal.scanner.Scanner        : Filtering out resource: db/migration/V3__create_refresh_tokens.sql (filename: V3__create_refresh_tokens.sql)
2026-10-05T14:59:53.103+03:00 DEBUG 18896 --- [taskmanager] [main] o.f.core.internal.scanner.Scanner        : Filtering out resource: db/migration/V1__create_tables.sql (filename: V1__create_tables.sql)
2026-10-05T14:59:53.103+03:00 DEBUG 18896 --- [taskmanager] [main] o.f.core.internal.scanner.Scanner        : Filtering out resource: db/migration/V2__add_created_at_to_tasks.sql (filename: V2__add_created_at_to_tasks.sql)
2026-10-05T14:59:53.103+03:00 DEBUG 18896 --- [taskmanager] [main] o.f.core.internal.scanner.Scanner        : Filtering out resource: db/migration/V3__create_refresh_tokens.sql (filename: V3__create_refresh_tokens.sql)
2026-10-05T14:59:53.103+03:00 DEBUG 18896 --- [taskmanager] [main] o.f.core.internal.scanner.Scanner        : Filtering out resource: db/migration/V1__create_tables.sql (filename: V1__create_tables.sql)
2026-10-05T14:59:53.104+03:00 DEBUG 18896 --- [taskmanager] [main] o.f.core.internal.scanner.Scanner        : Filtering out resource: db/migration/V2__add_created_at_to_tasks.sql (filename: V2__add_created_at_to_tasks.sql)
2026-10-05T14:59:53.105+03:00 DEBUG 18896 --- [taskmanager] [main] o.f.core.internal.scanner.Scanner        : Filtering out resource: db/migration/V3__create_refresh_tokens.sql (filename: V3__create_refresh_tokens.sql)
2026-10-05T14:59:53.105+03:00 DEBUG 18896 --- [taskmanager] [main] o.f.core.internal.scanner.Scanner        : Filtering out resource: db/migration/V1__create_tables.sql (filename: V1__create_tables.sql)
2026-10-05T14:59:53.105+03:00 DEBUG 18896 --- [taskmanager] [main] o.f.core.internal.scanner.Scanner        : Filtering out resource: db/migration/V2__add_created_at_to_tasks.sql (filename: V2__add_created_at_to_tasks.sql)
2026-10-05T14:59:53.105+03:00 DEBUG 18896 --- [taskmanager] [main] o.f.core.internal.scanner.Scanner        : Filtering out resource: db/migration/V3__create_refresh_tokens.sql (filename: V3__create_refresh_tokens.sql)
2026-10-05T14:59:53.105+03:00 DEBUG 18896 --- [taskmanager] [main] o.f.core.internal.scanner.Scanner        : Filtering out resource: db/migration/V1__create_tables.sql (filename: V1__create_tables.sql)
2026-10-05T14:59:53.107+03:00  INFO 18896 --- [taskmanager] [main] o.f.c.i.s.JdbcTableSchemaHistory         : Schema history table "PUBLIC"."flyway_schema_history" does not exist yet
2026-10-05T14:59:53.109+03:00  INFO 18896 --- [taskmanager] [main] o.f.core.internal.command.DbValidate     : Successfully validated 3 migrations (execution time 00:00.021s)
2026-10-05T14:59:53.111+03:00 DEBUG 18896 --- [taskmanager] [main] o.f.core.internal.command.DbSchemas      : Skipping creation of existing schema: "PUBLIC"
2026-10-05T14:59:53.115+03:00  INFO 18896 --- [taskmanager] [main] o.f.c.i.s.JdbcTableSchemaHistory         : Creating Schema History table "PUBLIC"."flyway_schema_history" ...
2026-10-05T14:59:53.118+03:00 DEBUG 18896 --- [taskmanager] [main] o.flywaydb.core.internal.parser.Parser   : Parsing  ...
2026-10-05T14:59:53.125+03:00 DEBUG 18896 --- [taskmanager] [main] o.f.c.i.sqlscript.ParserSqlScript        : Found statement at line 1: CREATE TABLE IF NOT EXISTS "PUBLIC"."flyway_schema_history" (
    "installed_rank" INT NOT NULL,
    "version" VARCHAR(50),
    "description" VARCHAR(200) NOT NULL,
    "type" VARCHAR(20) NOT NULL,
    "script" VARCHAR(1000) NOT NULL,
    "checksum" INT,
    "installed_by" VARCHAR(100) NOT NULL,
    "installed_on" TIMESTAMP NOT NULL DEFAULT CURRENT_TIMESTAMP,
    "execution_time" INT NOT NULL,
    "success" BOOLEAN NOT NULL,
    CONSTRAINT "flyway_schema_history_pk" PRIMARY KEY ("installed_rank")
) AS SELECT -1, NULL, '<< Flyway Schema History table created >>', 'TABLE', '', NULL, 'SA', CURRENT_TIMESTAMP, 0, TRUE
2026-10-05T14:59:53.125+03:00 DEBUG 18896 --- [taskmanager] [main] o.f.c.i.sqlscript.ParserSqlScript        : Found statement at line 14: CREATE INDEX "PUBLIC"."flyway_schema_history_s_idx" ON "PUBLIC"."flyway_schema_history" ("success")
2026-10-05T14:59:53.126+03:00 DEBUG 18896 --- [taskmanager] [main] o.f.c.i.s.DefaultSqlScriptExecutor       : Executing SQL: CREATE TABLE IF NOT EXISTS "PUBLIC"."flyway_schema_history" (
    "installed_rank" INT NOT NULL,
    "version" VARCHAR(50),
    "description" VARCHAR(200) NOT NULL,
    "type" VARCHAR(20) NOT NULL,
    "script" VARCHAR(1000) NOT NULL,
    "checksum" INT,
    "installed_by" VARCHAR(100) NOT NULL,
    "installed_on" TIMESTAMP NOT NULL DEFAULT CURRENT_TIMESTAMP,
    "execution_time" INT NOT NULL,
    "success" BOOLEAN NOT NULL,
    CONSTRAINT "flyway_schema_history_pk" PRIMARY KEY ("installed_rank")
) AS SELECT -1, NULL, '<< Flyway Schema History table created >>', 'TABLE', '', NULL, 'SA', CURRENT_TIMESTAMP, 0, TRUE
2026-10-05T14:59:53.131+03:00 DEBUG 18896 --- [taskmanager] [main] o.f.c.i.s.DefaultSqlScriptExecutor       : 0 rows affected
2026-10-05T14:59:53.131+03:00 DEBUG 18896 --- [taskmanager] [main] o.f.c.i.s.DefaultSqlScriptExecutor       : Executing SQL: CREATE INDEX "PUBLIC"."flyway_schema_history_s_idx" ON "PUBLIC"."flyway_schema_history" ("success")
2026-10-05T14:59:53.133+03:00 DEBUG 18896 --- [taskmanager] [main] o.f.c.i.s.DefaultSqlScriptExecutor       : 0 rows affected
2026-10-05T14:59:53.133+03:00 DEBUG 18896 --- [taskmanager] [main] o.f.c.i.s.JdbcTableSchemaHistory         : Created Schema History table "PUBLIC"."flyway_schema_history"
2026-10-05T14:59:53.137+03:00 DEBUG 18896 --- [taskmanager] [main] o.f.c.a.c.ClassicConfiguration           : CherryPickConfigurationExtension not found
2026-10-05T14:59:53.142+03:00  INFO 18896 --- [taskmanager] [main] o.f.core.internal.command.DbMigrate      : Current version of schema "PUBLIC": << Empty Schema >>
2026-10-05T14:59:53.143+03:00 DEBUG 18896 --- [taskmanager] [main] o.flywaydb.core.internal.parser.Parser   : Parsing V1__create_tables.sql ...
2026-10-05T14:59:53.147+03:00 DEBUG 18896 --- [taskmanager] [main] o.f.c.i.sqlscript.ParserSqlScript        : Found statement at line 1: CREATE TABLE users (
                       id BIGINT GENERATED BY DEFAULT AS IDENTITY PRIMARY KEY,
                       email VARCHAR(255) NOT NULL UNIQUE,
                       password VARCHAR(255) NOT NULL,
                       role VARCHAR(50) NOT NULL
)
2026-10-05T14:59:53.148+03:00 DEBUG 18896 --- [taskmanager] [main] o.f.c.i.sqlscript.ParserSqlScript        : Found statement at line 8: CREATE TABLE tasks (
                       id BIGINT GENERATED BY DEFAULT AS IDENTITY PRIMARY KEY,
                       title VARCHAR(255) NOT NULL,
                       description VARCHAR(255),
                       priority VARCHAR(50) NOT NULL,
                       status VARCHAR(50) NOT NULL DEFAULT 'NEW',
                       owner_id BIGINT,
                       CONSTRAINT fk_tasks_owner FOREIGN KEY (owner_id) REFERENCES users(id)
)
2026-10-05T14:59:53.150+03:00 DEBUG 18896 --- [taskmanager] [main] o.f.c.i.sqlscript.ParserSqlScript        : Found statement at line 18: CREATE TABLE audit_logs (
                            id BIGINT GENERATED BY DEFAULT AS IDENTITY PRIMARY KEY,
                            action VARCHAR(255) NOT NULL,
                            task_id BIGINT,
                            created_at TIMESTAMP NOT NULL
)
2026-10-05T14:59:53.150+03:00 DEBUG 18896 --- [taskmanager] [main] o.f.c.i.sqlscript.ParserSqlScript        : Found statement at line 25: INSERT INTO tasks (title, description, priority, status)
VALUES ('Изучить Flyway', 'Первая миграция', 'HIGH', 'NEW'),
       ('Написать тесты', 'Потом', 'MEDIUM', 'NEW')
2026-10-05T14:59:53.152+03:00 DEBUG 18896 --- [taskmanager] [main] o.f.core.internal.command.DbMigrate      : Starting migration of schema "PUBLIC" to version "1 - create tables" ...
2026-10-05T14:59:53.153+03:00  INFO 18896 --- [taskmanager] [main] o.f.core.internal.command.DbMigrate      : Migrating schema "PUBLIC" to version "1 - create tables"
2026-10-05T14:59:53.154+03:00 DEBUG 18896 --- [taskmanager] [main] o.f.c.i.s.DefaultSqlScriptExecutor       : Executing SQL: CREATE TABLE users (
                       id BIGINT GENERATED BY DEFAULT AS IDENTITY PRIMARY KEY,
                       email VARCHAR(255) NOT NULL UNIQUE,
                       password VARCHAR(255) NOT NULL,
                       role VARCHAR(50) NOT NULL
)
2026-10-05T14:59:53.158+03:00 DEBUG 18896 --- [taskmanager] [main] o.f.c.i.s.DefaultSqlScriptExecutor       : 0 rows affected
2026-10-05T14:59:53.158+03:00 DEBUG 18896 --- [taskmanager] [main] o.f.c.i.s.DefaultSqlScriptExecutor       : Executing SQL: CREATE TABLE tasks (
                       id BIGINT GENERATED BY DEFAULT AS IDENTITY PRIMARY KEY,
                       title VARCHAR(255) NOT NULL,
                       description VARCHAR(255),
                       priority VARCHAR(50) NOT NULL,
                       status VARCHAR(50) NOT NULL DEFAULT 'NEW',
                       owner_id BIGINT,
                       CONSTRAINT fk_tasks_owner FOREIGN KEY (owner_id) REFERENCES users(id)
)
2026-10-05T14:59:53.162+03:00 DEBUG 18896 --- [taskmanager] [main] o.f.c.i.s.DefaultSqlScriptExecutor       : 0 rows affected
2026-10-05T14:59:53.162+03:00 DEBUG 18896 --- [taskmanager] [main] o.f.c.i.s.DefaultSqlScriptExecutor       : Executing SQL: CREATE TABLE audit_logs (
                            id BIGINT GENERATED BY DEFAULT AS IDENTITY PRIMARY KEY,
                            action VARCHAR(255) NOT NULL,
                            task_id BIGINT,
                            created_at TIMESTAMP NOT NULL
)
2026-10-05T14:59:53.163+03:00 DEBUG 18896 --- [taskmanager] [main] o.f.c.i.s.DefaultSqlScriptExecutor       : 0 rows affected
2026-10-05T14:59:53.164+03:00 DEBUG 18896 --- [taskmanager] [main] o.f.c.i.s.DefaultSqlScriptExecutor       : Executing SQL: INSERT INTO tasks (title, description, priority, status)
VALUES ('Изучить Flyway', 'Первая миграция', 'HIGH', 'NEW'),
       ('Написать тесты', 'Потом', 'MEDIUM', 'NEW')
2026-10-05T14:59:53.164+03:00 DEBUG 18896 --- [taskmanager] [main] o.f.c.i.s.DefaultSqlScriptExecutor       : 2 rows affected
2026-10-05T14:59:53.164+03:00 DEBUG 18896 --- [taskmanager] [main] o.f.core.internal.command.DbMigrate      : Successfully completed migration of schema "PUBLIC" to version "1 - create tables"
2026-10-05T14:59:53.167+03:00 DEBUG 18896 --- [taskmanager] [main] o.f.c.i.s.JdbcTableSchemaHistory         : Schema History table "PUBLIC"."flyway_schema_history" successfully updated to reflect changes
2026-10-05T14:59:53.168+03:00 DEBUG 18896 --- [taskmanager] [main] o.f.c.a.c.ClassicConfiguration           : CherryPickConfigurationExtension not found
2026-10-05T14:59:53.170+03:00 DEBUG 18896 --- [taskmanager] [main] o.flywaydb.core.internal.parser.Parser   : Parsing V2__add_created_at_to_tasks.sql ...
2026-10-05T14:59:53.171+03:00 DEBUG 18896 --- [taskmanager] [main] o.f.c.i.sqlscript.ParserSqlScript        : Found statement at line 1: ALTER TABLE tasks ADD COLUMN created_at TIMESTAMP DEFAULT NOW()
2026-10-05T14:59:53.172+03:00 DEBUG 18896 --- [taskmanager] [main] o.f.core.internal.command.DbMigrate      : Starting migration of schema "PUBLIC" to version "2 - add created at to tasks" ...
2026-10-05T14:59:53.172+03:00  INFO 18896 --- [taskmanager] [main] o.f.core.internal.command.DbMigrate      : Migrating schema "PUBLIC" to version "2 - add created at to tasks"
2026-10-05T14:59:53.172+03:00 DEBUG 18896 --- [taskmanager] [main] o.f.c.i.s.DefaultSqlScriptExecutor       : Executing SQL: ALTER TABLE tasks ADD COLUMN created_at TIMESTAMP DEFAULT NOW()
2026-10-05T14:59:53.179+03:00 DEBUG 18896 --- [taskmanager] [main] o.f.c.i.s.DefaultSqlScriptExecutor       : 0 rows affected
2026-10-05T14:59:53.179+03:00 DEBUG 18896 --- [taskmanager] [main] o.f.core.internal.command.DbMigrate      : Successfully completed migration of schema "PUBLIC" to version "2 - add created at to tasks"
2026-10-05T14:59:53.181+03:00 DEBUG 18896 --- [taskmanager] [main] o.f.c.i.s.JdbcTableSchemaHistory         : Schema History table "PUBLIC"."flyway_schema_history" successfully updated to reflect changes
2026-10-05T14:59:53.182+03:00 DEBUG 18896 --- [taskmanager] [main] o.f.c.a.c.ClassicConfiguration           : CherryPickConfigurationExtension not found
2026-10-05T14:59:53.182+03:00 DEBUG 18896 --- [taskmanager] [main] o.flywaydb.core.internal.parser.Parser   : Parsing V3__create_refresh_tokens.sql ...
2026-10-05T14:59:53.183+03:00 DEBUG 18896 --- [taskmanager] [main] o.f.c.i.sqlscript.ParserSqlScript        : Found statement at line 1: CREATE TABLE refresh_tokens (
                                id BIGINT GENERATED BY DEFAULT AS IDENTITY PRIMARY KEY,
                                token VARCHAR(255) NOT NULL UNIQUE,
                                user_id BIGINT,
                                expires_at TIMESTAMP NOT NULL,
                                CONSTRAINT fk_refresh_user FOREIGN KEY (user_id) REFERENCES users(id)
)
2026-10-05T14:59:53.184+03:00 DEBUG 18896 --- [taskmanager] [main] o.f.core.internal.command.DbMigrate      : Starting migration of schema "PUBLIC" to version "3 - create refresh tokens" ...
2026-10-05T14:59:53.184+03:00  INFO 18896 --- [taskmanager] [main] o.f.core.internal.command.DbMigrate      : Migrating schema "PUBLIC" to version "3 - create refresh tokens"
2026-10-05T14:59:53.184+03:00 DEBUG 18896 --- [taskmanager] [main] o.f.c.i.s.DefaultSqlScriptExecutor       : Executing SQL: CREATE TABLE refresh_tokens (
                                id BIGINT GENERATED BY DEFAULT AS IDENTITY PRIMARY KEY,
                                token VARCHAR(255) NOT NULL UNIQUE,
                                user_id BIGINT,
                                expires_at TIMESTAMP NOT NULL,
                                CONSTRAINT fk_refresh_user FOREIGN KEY (user_id) REFERENCES users(id)
)
2026-10-05T14:59:53.187+03:00 DEBUG 18896 --- [taskmanager] [main] o.f.c.i.s.DefaultSqlScriptExecutor       : 0 rows affected
2026-10-05T14:59:53.187+03:00 DEBUG 18896 --- [taskmanager] [main] o.f.core.internal.command.DbMigrate      : Successfully completed migration of schema "PUBLIC" to version "3 - create refresh tokens"
2026-10-05T14:59:53.188+03:00 DEBUG 18896 --- [taskmanager] [main] o.f.c.i.s.JdbcTableSchemaHistory         : Schema History table "PUBLIC"."flyway_schema_history" successfully updated to reflect changes
2026-10-05T14:59:53.188+03:00 DEBUG 18896 --- [taskmanager] [main] o.f.c.a.c.ClassicConfiguration           : CherryPickConfigurationExtension not found
2026-10-05T14:59:53.192+03:00  INFO 18896 --- [taskmanager] [main] o.f.core.internal.command.DbMigrate      : Successfully applied 3 migrations to schema "PUBLIC", now at version v3 (execution time 00:00.022s)
2026-10-05T14:59:53.197+03:00 DEBUG 18896 --- [taskmanager] [main] org.flywaydb.core.FlywayExecutor         : Memory usage: 63 of 80M
2026-10-05T14:59:53.274+03:00  INFO 18896 --- [taskmanager] [main] org.hibernate.orm.jpa                    : HHH008540: Processing PersistenceUnitInfo [name: default]
2026-10-05T14:59:53.316+03:00  INFO 18896 --- [taskmanager] [main] org.hibernate.orm.core                   : HHH000001: Hibernate ORM core version 7.4.5.Final
2026-10-05T14:59:53.651+03:00  INFO 18896 --- [taskmanager] [main] o.s.o.j.p.SpringPersistenceUnitInfo      : No LoadTimeWeaver setup: ignoring JPA class transformer
2026-10-05T14:59:53.720+03:00  INFO 18896 --- [taskmanager] [main] org.hibernate.orm.connections.pooling    : HHH10001005: Database info:
	Database JDBC URL [jdbc:h2:mem:taskdb]
	Database driver: H2 JDBC Driver
	Database dialect: H2Dialect
	Database version: 2.4.240
	Default catalog/schema: TASKDB/PUBLIC
	Autocommit mode: undefined/unknown
	Isolation level: READ_COMMITTED [default READ_COMMITTED]
	JDBC fetch size: 100
	Pool: DataSourceConnectionProvider
	Minimum pool size: undefined/unknown
	Maximum pool size: undefined/unknown
2026-10-05T14:59:54.470+03:00  INFO 18896 --- [taskmanager] [main] org.hibernate.orm.core                   : HHH000489: No JTA platform available (set 'hibernate.transaction.jta.platform' to enable JTA platform integration)
2026-10-05T14:59:54.476+03:00  INFO 18896 --- [taskmanager] [main] j.LocalContainerEntityManagerFactoryBean : Initialized JPA EntityManagerFactory for persistence unit 'default'
2026-10-05T14:59:54.532+03:00  INFO 18896 --- [taskmanager] [main] o.s.d.j.r.query.QueryEnhancerFactories   : Hibernate is in classpath; If applicable, HQL parser will be used.
2026-10-05T14:59:54.729+03:00  INFO 18896 --- [taskmanager] [main] r$InitializeUserDetailsManagerConfigurer : Global AuthenticationManager configured with UserDetailsService bean with name userDetailsServiceImpl
2026-10-05T14:59:55.075+03:00 TRACE 18896 --- [taskmanager] [main] t.a.AnnotationTransactionAttributeSource : Adding transactional method 'com.example.taskmanager.service.RefreshTokenService.create' with attribute: PROPAGATION_REQUIRED,ISOLATION_DEFAULT
2026-10-05T14:59:55.084+03:00 TRACE 18896 --- [taskmanager] [main] t.a.AnnotationTransactionAttributeSource : Adding transactional method 'com.example.taskmanager.service.RefreshTokenService.verify' with attribute: PROPAGATION_REQUIRED,ISOLATION_DEFAULT
2026-10-05T14:59:55.084+03:00 TRACE 18896 --- [taskmanager] [main] t.a.AnnotationTransactionAttributeSource : Adding transactional method 'com.example.taskmanager.service.RefreshTokenService.deleteByUserId' with attribute: PROPAGATION_REQUIRED,ISOLATION_DEFAULT
2026-10-05T14:59:55.091+03:00 TRACE 18896 --- [taskmanager] [main] t.a.AnnotationTransactionAttributeSource : Adding transactional method 'com.example.taskmanager.service.AuthService.register' with attribute: PROPAGATION_REQUIRED,ISOLATION_DEFAULT
2026-10-05T14:59:55.092+03:00 TRACE 18896 --- [taskmanager] [main] t.a.AnnotationTransactionAttributeSource : Adding transactional method 'com.example.taskmanager.service.AuthService.refresh' with attribute: PROPAGATION_REQUIRED,ISOLATION_DEFAULT
2026-10-05T14:59:55.092+03:00 TRACE 18896 --- [taskmanager] [main] t.a.AnnotationTransactionAttributeSource : Adding transactional method 'com.example.taskmanager.service.AuthService.login' with attribute: PROPAGATION_REQUIRED,ISOLATION_DEFAULT
2026-10-05T14:59:55.092+03:00 TRACE 18896 --- [taskmanager] [main] t.a.AnnotationTransactionAttributeSource : Adding transactional method 'com.example.taskmanager.service.AuthService.logout' with attribute: PROPAGATION_REQUIRED,ISOLATION_DEFAULT
2026-10-05T14:59:55.126+03:00 TRACE 18896 --- [taskmanager] [main] t.a.AnnotationTransactionAttributeSource : Adding transactional method 'com.example.taskmanager.service.AuditService.logAction' with attribute: PROPAGATION_REQUIRES_NEW,ISOLATION_DEFAULT
2026-10-05T14:59:55.130+03:00 TRACE 18896 --- [taskmanager] [main] t.a.AnnotationTransactionAttributeSource : Adding transactional method 'com.example.taskmanager.service.TaskService.update' with attribute: PROPAGATION_REQUIRED,ISOLATION_DEFAULT
2026-10-05T14:59:55.138+03:00 TRACE 18896 --- [taskmanager] [main] t.a.AnnotationTransactionAttributeSource : Adding transactional method 'com.example.taskmanager.service.TaskService.delete' with attribute: PROPAGATION_REQUIRED,ISOLATION_DEFAULT
2026-10-05T14:59:55.139+03:00 TRACE 18896 --- [taskmanager] [main] t.a.AnnotationTransactionAttributeSource : Adding transactional method 'com.example.taskmanager.service.TaskService.create' with attribute: PROPAGATION_REQUIRED,ISOLATION_DEFAULT
2026-10-05T14:59:55.140+03:00 TRACE 18896 --- [taskmanager] [main] t.a.AnnotationTransactionAttributeSource : Adding transactional method 'com.example.taskmanager.service.TaskService.getAll' with attribute: PROPAGATION_REQUIRED,ISOLATION_DEFAULT,readOnly
2026-10-05T14:59:55.140+03:00 TRACE 18896 --- [taskmanager] [main] t.a.AnnotationTransactionAttributeSource : Adding transactional method 'com.example.taskmanager.service.TaskService.updateStatus' with attribute: PROPAGATION_REQUIRED,ISOLATION_DEFAULT
2026-10-05T14:59:55.140+03:00 TRACE 18896 --- [taskmanager] [main] t.a.AnnotationTransactionAttributeSource : Adding transactional method 'com.example.taskmanager.service.TaskService.getMy' with attribute: PROPAGATION_REQUIRED,ISOLATION_DEFAULT,readOnly
2026-10-05T14:59:55.140+03:00 TRACE 18896 --- [taskmanager] [main] t.a.AnnotationTransactionAttributeSource : Adding transactional method 'com.example.taskmanager.service.TaskService.getStats' with attribute: PROPAGATION_REQUIRED,ISOLATION_DEFAULT,readOnly
2026-10-05T14:59:55.141+03:00 TRACE 18896 --- [taskmanager] [main] t.a.AnnotationTransactionAttributeSource : Adding transactional method 'com.example.taskmanager.service.TaskService.getById' with attribute: PROPAGATION_REQUIRED,ISOLATION_DEFAULT,readOnly
2026-10-05T14:59:55.232+03:00  WARN 18896 --- [taskmanager] [main] JpaBaseConfiguration$JpaWebConfiguration : spring.jpa.open-in-view is enabled by default. Therefore, database queries may be performed during view rendering. Explicitly configure spring.jpa.open-in-view to disable this warning
2026-10-05T14:59:55.424+03:00 DEBUG 18896 --- [taskmanager] [main] o.s.s.web.DefaultSecurityFilterChain     : Will secure any request with filters: DisableEncodeUrlFilter, WebAsyncManagerIntegrationFilter, SecurityContextHolderFilter, HeaderWriterFilter, LogoutFilter, JwtAuthFilter, UsernamePasswordAuthenticationFilter, RequestCacheAwareFilter, SecurityContextHolderAwareRequestFilter, AnonymousAuthenticationFilter, SessionManagementFilter, ExceptionTranslationFilter, AuthorizationFilter
2026-10-05T14:59:55.777+03:00  INFO 18896 --- [taskmanager] [main] o.s.b.h.a.H2ConsoleAutoConfiguration     : H2 console available at '/h2-console'. Database available at 'jdbc:h2:mem:taskdb'
2026-10-05T14:59:55.827+03:00  INFO 18896 --- [taskmanager] [main] o.s.boot.tomcat.TomcatWebServer          : Tomcat started on port 8080 (http) with context path '/'
2026-10-05T14:59:55.832+03:00  INFO 18896 --- [taskmanager] [main] c.e.taskmanager.TaskmanagerApplication   : Started TaskmanagerApplication in 4.802 seconds (process running for 5.289)
2026-10-05T14:59:55.836+03:00 TRACE 18896 --- [taskmanager] [main] o.s.t.i.TransactionInterceptor           : No need to create transaction for [org.springframework.data.jpa.repository.support.SimpleJpaRepository.findByEmail]: This method is not transactional.
2026-10-05T14:59:56.004+03:00 TRACE 18896 --- [taskmanager] [main] o.s.t.i.TransactionInterceptor           : Getting transaction for [org.springframework.data.jpa.repository.support.SimpleJpaRepository.save]
2026-10-05T14:59:56.033+03:00 TRACE 18896 --- [taskmanager] [main] o.s.t.i.TransactionInterceptor           : Completing transaction for [org.springframework.data.jpa.repository.support.SimpleJpaRepository.save]
2026-10-05T14:59:56.039+03:00 TRACE 18896 --- [taskmanager] [main] o.s.t.i.TransactionInterceptor           : No need to create transaction for [org.springframework.data.jpa.repository.support.SimpleJpaRepository.findByEmail]: This method is not transactional.
2026-10-05T14:59:56.102+03:00 TRACE 18896 --- [taskmanager] [main] o.s.t.i.TransactionInterceptor           : Getting transaction for [org.springframework.data.jpa.repository.support.SimpleJpaRepository.save]
2026-10-05T14:59:56.103+03:00 TRACE 18896 --- [taskmanager] [main] o.s.t.i.TransactionInterceptor           : Completing transaction for [org.springframework.data.jpa.repository.support.SimpleJpaRepository.save]
2026-10-05T14:59:56.104+03:00  WARN 18896 --- [taskmanager] [main] o.s.core.events.SpringDocAppInitializer  : SpringDoc /v3/api-docs endpoint is enabled by default. To disable it in production, set the property 'springdoc.api-docs.enabled=false'
2026-10-05T14:59:56.104+03:00  WARN 18896 --- [taskmanager] [main] o.s.core.events.SpringDocAppInitializer  : SpringDoc /swagger-ui.html endpoint is enabled by default. To disable it in production, set the property 'springdoc.swagger-ui.enabled=false'
2026-10-05T15:00:05.018+03:00  INFO 18896 --- [taskmanager] [http-nio-8080-exec-1] o.a.c.c.C.[Tomcat].[localhost].[/]       : Initializing Spring DispatcherServlet 'dispatcherServlet'
2026-10-05T15:00:05.018+03:00  INFO 18896 --- [taskmanager] [http-nio-8080-exec-1] o.s.web.servlet.DispatcherServlet        : Initializing Servlet 'dispatcherServlet'
2026-10-05T15:00:05.019+03:00  INFO 18896 --- [taskmanager] [http-nio-8080-exec-1] o.s.web.servlet.DispatcherServlet        : Completed initialization in 1 ms
2026-10-05T15:00:05.027+03:00 DEBUG 18896 --- [taskmanager] [http-nio-8080-exec-1] o.s.security.web.FilterChainProxy        : Securing GET /swagger-ui.html
2026-10-05T15:00:05.035+03:00 DEBUG 18896 --- [taskmanager] [http-nio-8080-exec-1] o.s.s.w.a.AnonymousAuthenticationFilter  : Set SecurityContextHolder to anonymous SecurityContext
2026-10-05T15:00:05.035+03:00 DEBUG 18896 --- [taskmanager] [http-nio-8080-exec-1] o.s.s.w.session.SessionManagementFilter  : Request requested invalid session id 74E41001CB135DCA989B54EEABC9F4C2
2026-10-05T15:00:05.037+03:00 DEBUG 18896 --- [taskmanager] [http-nio-8080-exec-1] o.s.security.web.FilterChainProxy        : Secured GET /swagger-ui.html
2026-10-05T15:00:05.088+03:00 DEBUG 18896 --- [taskmanager] [http-nio-8080-exec-2] o.s.security.web.FilterChainProxy        : Securing GET /swagger-ui/index.html
2026-10-05T15:00:05.089+03:00 DEBUG 18896 --- [taskmanager] [http-nio-8080-exec-2] o.s.s.w.a.AnonymousAuthenticationFilter  : Set SecurityContextHolder to anonymous SecurityContext
2026-10-05T15:00:05.089+03:00 DEBUG 18896 --- [taskmanager] [http-nio-8080-exec-2] o.s.s.w.session.SessionManagementFilter  : Request requested invalid session id 74E41001CB135DCA989B54EEABC9F4C2
2026-10-05T15:00:05.089+03:00 DEBUG 18896 --- [taskmanager] [http-nio-8080-exec-2] o.s.security.web.FilterChainProxy        : Secured GET /swagger-ui/index.html
2026-10-05T15:00:05.149+03:00 DEBUG 18896 --- [taskmanager] [http-nio-8080-exec-3] o.s.security.web.FilterChainProxy        : Securing GET /swagger-ui/swagger-ui.css
2026-10-05T15:00:05.150+03:00 DEBUG 18896 --- [taskmanager] [http-nio-8080-exec-3] o.s.s.w.a.AnonymousAuthenticationFilter  : Set SecurityContextHolder to anonymous SecurityContext
2026-10-05T15:00:05.150+03:00 DEBUG 18896 --- [taskmanager] [http-nio-8080-exec-3] o.s.s.w.session.SessionManagementFilter  : Request requested invalid session id 74E41001CB135DCA989B54EEABC9F4C2
2026-10-05T15:00:05.150+03:00 DEBUG 18896 --- [taskmanager] [http-nio-8080-exec-3] o.s.security.web.FilterChainProxy        : Secured GET /swagger-ui/swagger-ui.css
2026-10-05T15:00:05.171+03:00 DEBUG 18896 --- [taskmanager] [http-nio-8080-exec-5] o.s.security.web.FilterChainProxy        : Securing GET /swagger-ui/index.css
2026-10-05T15:00:05.171+03:00 DEBUG 18896 --- [taskmanager] [http-nio-8080-exec-5] o.s.s.w.a.AnonymousAuthenticationFilter  : Set SecurityContextHolder to anonymous SecurityContext
2026-10-05T15:00:05.172+03:00 DEBUG 18896 --- [taskmanager] [http-nio-8080-exec-4] o.s.security.web.FilterChainProxy        : Securing GET /swagger-ui/swagger-ui-bundle.js
2026-10-05T15:00:05.172+03:00 DEBUG 18896 --- [taskmanager] [http-nio-8080-exec-4] o.s.s.w.a.AnonymousAuthenticationFilter  : Set SecurityContextHolder to anonymous SecurityContext
2026-10-05T15:00:05.173+03:00 DEBUG 18896 --- [taskmanager] [http-nio-8080-exec-6] o.s.security.web.FilterChainProxy        : Securing GET /swagger-ui/swagger-ui-standalone-preset.js
2026-10-05T15:00:05.172+03:00 DEBUG 18896 --- [taskmanager] [http-nio-8080-exec-5] o.s.s.w.session.SessionManagementFilter  : Request requested invalid session id 74E41001CB135DCA989B54EEABC9F4C2
2026-10-05T15:00:05.173+03:00 DEBUG 18896 --- [taskmanager] [http-nio-8080-exec-6] o.s.s.w.a.AnonymousAuthenticationFilter  : Set SecurityContextHolder to anonymous SecurityContext
2026-10-05T15:00:05.173+03:00 DEBUG 18896 --- [taskmanager] [http-nio-8080-exec-6] o.s.s.w.session.SessionManagementFilter  : Request requested invalid session id 74E41001CB135DCA989B54EEABC9F4C2
2026-10-05T15:00:05.173+03:00 DEBUG 18896 --- [taskmanager] [http-nio-8080-exec-5] o.s.security.web.FilterChainProxy        : Secured GET /swagger-ui/index.css
2026-10-05T15:00:05.172+03:00 DEBUG 18896 --- [taskmanager] [http-nio-8080-exec-4] o.s.s.w.session.SessionManagementFilter  : Request requested invalid session id 74E41001CB135DCA989B54EEABC9F4C2
2026-10-05T15:00:05.173+03:00 DEBUG 18896 --- [taskmanager] [http-nio-8080-exec-6] o.s.security.web.FilterChainProxy        : Secured GET /swagger-ui/swagger-ui-standalone-preset.js
2026-10-05T15:00:05.175+03:00 DEBUG 18896 --- [taskmanager] [http-nio-8080-exec-7] o.s.security.web.FilterChainProxy        : Securing GET /swagger-ui/swagger-initializer.js
2026-10-05T15:00:05.175+03:00 DEBUG 18896 --- [taskmanager] [http-nio-8080-exec-4] o.s.security.web.FilterChainProxy        : Secured GET /swagger-ui/swagger-ui-bundle.js
2026-10-05T15:00:05.175+03:00 DEBUG 18896 --- [taskmanager] [http-nio-8080-exec-7] o.s.s.w.a.AnonymousAuthenticationFilter  : Set SecurityContextHolder to anonymous SecurityContext
2026-10-05T15:00:05.176+03:00 DEBUG 18896 --- [taskmanager] [http-nio-8080-exec-7] o.s.s.w.session.SessionManagementFilter  : Request requested invalid session id 74E41001CB135DCA989B54EEABC9F4C2
2026-10-05T15:00:05.176+03:00 DEBUG 18896 --- [taskmanager] [http-nio-8080-exec-7] o.s.security.web.FilterChainProxy        : Secured GET /swagger-ui/swagger-initializer.js
2026-10-05T15:00:05.285+03:00 DEBUG 18896 --- [taskmanager] [http-nio-8080-exec-8] o.s.security.web.FilterChainProxy        : Securing GET /v3/api-docs/swagger-config
2026-10-05T15:00:05.285+03:00 DEBUG 18896 --- [taskmanager] [http-nio-8080-exec-8] o.s.s.w.a.AnonymousAuthenticationFilter  : Set SecurityContextHolder to anonymous SecurityContext
2026-10-05T15:00:05.285+03:00 DEBUG 18896 --- [taskmanager] [http-nio-8080-exec-8] o.s.s.w.session.SessionManagementFilter  : Request requested invalid session id 74E41001CB135DCA989B54EEABC9F4C2
2026-10-05T15:00:05.285+03:00 DEBUG 18896 --- [taskmanager] [http-nio-8080-exec-8] o.s.security.web.FilterChainProxy        : Secured GET /v3/api-docs/swagger-config
2026-10-05T15:00:05.286+03:00 DEBUG 18896 --- [taskmanager] [http-nio-8080-exec-9] o.s.security.web.FilterChainProxy        : Securing GET /swagger-ui/favicon-32x32.png
2026-10-05T15:00:05.286+03:00 DEBUG 18896 --- [taskmanager] [http-nio-8080-exec-9] o.s.s.w.a.AnonymousAuthenticationFilter  : Set SecurityContextHolder to anonymous SecurityContext
2026-10-05T15:00:05.286+03:00 DEBUG 18896 --- [taskmanager] [http-nio-8080-exec-9] o.s.s.w.session.SessionManagementFilter  : Request requested invalid session id 74E41001CB135DCA989B54EEABC9F4C2
2026-10-05T15:00:05.286+03:00 DEBUG 18896 --- [taskmanager] [http-nio-8080-exec-9] o.s.security.web.FilterChainProxy        : Secured GET /swagger-ui/favicon-32x32.png
2026-10-05T15:00:05.320+03:00 DEBUG 18896 --- [taskmanager] [http-nio-8080-exec-10] o.s.security.web.FilterChainProxy        : Securing GET /v3/api-docs
2026-10-05T15:00:05.320+03:00 DEBUG 18896 --- [taskmanager] [http-nio-8080-exec-10] o.s.s.w.a.AnonymousAuthenticationFilter  : Set SecurityContextHolder to anonymous SecurityContext
2026-10-05T15:00:05.321+03:00 DEBUG 18896 --- [taskmanager] [http-nio-8080-exec-10] o.s.s.w.session.SessionManagementFilter  : Request requested invalid session id 74E41001CB135DCA989B54EEABC9F4C2
2026-10-05T15:00:05.324+03:00 DEBUG 18896 --- [taskmanager] [http-nio-8080-exec-10] o.s.security.web.FilterChainProxy        : Secured GET /v3/api-docs
2026-10-05T15:00:05.507+03:00  INFO 18896 --- [taskmanager] [http-nio-8080-exec-10] o.springdoc.api.AbstractOpenApiResource  : Init duration for springdoc-openapi is: 171 ms
2026-10-05T15:00:22.471+03:00 DEBUG 18896 --- [taskmanager] [http-nio-8080-exec-1] o.s.security.web.FilterChainProxy        : Securing GET /v3/api-docs
2026-10-05T15:00:22.471+03:00 DEBUG 18896 --- [taskmanager] [http-nio-8080-exec-1] o.s.s.w.a.AnonymousAuthenticationFilter  : Set SecurityContextHolder to anonymous SecurityContext
2026-10-05T15:00:22.471+03:00 DEBUG 18896 --- [taskmanager] [http-nio-8080-exec-1] o.s.s.w.session.SessionManagementFilter  : Request requested invalid session id 74E41001CB135DCA989B54EEABC9F4C2
2026-10-05T15:00:22.472+03:00 DEBUG 18896 --- [taskmanager] [http-nio-8080-exec-1] o.s.security.web.FilterChainProxy        : Secured GET /v3/api-docs
2026-10-05T15:00:35.029+03:00 DEBUG 18896 --- [taskmanager] [http-nio-8080-exec-2] o.s.security.web.FilterChainProxy        : Securing GET /swagger-ui/index.html
2026-10-05T15:00:35.029+03:00 DEBUG 18896 --- [taskmanager] [http-nio-8080-exec-2] o.s.s.w.a.AnonymousAuthenticationFilter  : Set SecurityContextHolder to anonymous SecurityContext
2026-10-05T15:00:35.029+03:00 DEBUG 18896 --- [taskmanager] [http-nio-8080-exec-2] o.s.s.w.session.SessionManagementFilter  : Request requested invalid session id 74E41001CB135DCA989B54EEABC9F4C2
2026-10-05T15:00:35.029+03:00 DEBUG 18896 --- [taskmanager] [http-nio-8080-exec-2] o.s.security.web.FilterChainProxy        : Secured GET /swagger-ui/index.html
2026-10-05T15:00:35.055+03:00 DEBUG 18896 --- [taskmanager] [http-nio-8080-exec-5] o.s.security.web.FilterChainProxy        : Securing GET /swagger-ui/index.css
2026-10-05T15:00:35.055+03:00 DEBUG 18896 --- [taskmanager] [http-nio-8080-exec-6] o.s.security.web.FilterChainProxy        : Securing GET /swagger-ui/swagger-ui-bundle.js
2026-10-05T15:00:35.055+03:00 DEBUG 18896 --- [taskmanager] [http-nio-8080-exec-3] o.s.security.web.FilterChainProxy        : Securing GET /swagger-ui/swagger-ui.css
2026-10-05T15:00:35.055+03:00 DEBUG 18896 --- [taskmanager] [http-nio-8080-exec-5] o.s.s.w.a.AnonymousAuthenticationFilter  : Set SecurityContextHolder to anonymous SecurityContext
2026-10-05T15:00:35.056+03:00 DEBUG 18896 --- [taskmanager] [http-nio-8080-exec-6] o.s.s.w.a.AnonymousAuthenticationFilter  : Set SecurityContextHolder to anonymous SecurityContext
2026-10-05T15:00:35.056+03:00 DEBUG 18896 --- [taskmanager] [http-nio-8080-exec-5] o.s.s.w.session.SessionManagementFilter  : Request requested invalid session id 74E41001CB135DCA989B54EEABC9F4C2
2026-10-05T15:00:35.056+03:00 DEBUG 18896 --- [taskmanager] [http-nio-8080-exec-6] o.s.s.w.session.SessionManagementFilter  : Request requested invalid session id 74E41001CB135DCA989B54EEABC9F4C2
2026-10-05T15:00:35.056+03:00 DEBUG 18896 --- [taskmanager] [http-nio-8080-exec-5] o.s.security.web.FilterChainProxy        : Secured GET /swagger-ui/index.css
2026-10-05T15:00:35.056+03:00 DEBUG 18896 --- [taskmanager] [http-nio-8080-exec-3] o.s.s.w.a.AnonymousAuthenticationFilter  : Set SecurityContextHolder to anonymous SecurityContext
2026-10-05T15:00:35.056+03:00 DEBUG 18896 --- [taskmanager] [http-nio-8080-exec-6] o.s.security.web.FilterChainProxy        : Secured GET /swagger-ui/swagger-ui-bundle.js
2026-10-05T15:00:35.056+03:00 DEBUG 18896 --- [taskmanager] [http-nio-8080-exec-3] o.s.s.w.session.SessionManagementFilter  : Request requested invalid session id 74E41001CB135DCA989B54EEABC9F4C2
2026-10-05T15:00:35.056+03:00 DEBUG 18896 --- [taskmanager] [http-nio-8080-exec-3] o.s.security.web.FilterChainProxy        : Secured GET /swagger-ui/swagger-ui.css
2026-10-05T15:00:35.068+03:00 DEBUG 18896 --- [taskmanager] [http-nio-8080-exec-7] o.s.security.web.FilterChainProxy        : Securing GET /swagger-ui/swagger-ui-standalone-preset.js
2026-10-05T15:00:35.068+03:00 DEBUG 18896 --- [taskmanager] [http-nio-8080-exec-7] o.s.s.w.a.AnonymousAuthenticationFilter  : Set SecurityContextHolder to anonymous SecurityContext
2026-10-05T15:00:35.068+03:00 DEBUG 18896 --- [taskmanager] [http-nio-8080-exec-7] o.s.s.w.session.SessionManagementFilter  : Request requested invalid session id 74E41001CB135DCA989B54EEABC9F4C2
2026-10-05T15:00:35.068+03:00 DEBUG 18896 --- [taskmanager] [http-nio-8080-exec-7] o.s.security.web.FilterChainProxy        : Secured GET /swagger-ui/swagger-ui-standalone-preset.js
2026-10-05T15:00:35.068+03:00 DEBUG 18896 --- [taskmanager] [http-nio-8080-exec-4] o.s.security.web.FilterChainProxy        : Securing GET /swagger-ui/swagger-initializer.js
2026-10-05T15:00:35.068+03:00 DEBUG 18896 --- [taskmanager] [http-nio-8080-exec-4] o.s.s.w.a.AnonymousAuthenticationFilter  : Set SecurityContextHolder to anonymous SecurityContext
2026-10-05T15:00:35.068+03:00 DEBUG 18896 --- [taskmanager] [http-nio-8080-exec-4] o.s.s.w.session.SessionManagementFilter  : Request requested invalid session id 74E41001CB135DCA989B54EEABC9F4C2
2026-10-05T15:00:35.068+03:00 DEBUG 18896 --- [taskmanager] [http-nio-8080-exec-4] o.s.security.web.FilterChainProxy        : Secured GET /swagger-ui/swagger-initializer.js
2026-10-05T15:00:35.134+03:00 DEBUG 18896 --- [taskmanager] [http-nio-8080-exec-9] o.s.security.web.FilterChainProxy        : Securing GET /v3/api-docs/swagger-config
2026-10-05T15:00:35.134+03:00 DEBUG 18896 --- [taskmanager] [http-nio-8080-exec-9] o.s.s.w.a.AnonymousAuthenticationFilter  : Set SecurityContextHolder to anonymous SecurityContext
2026-10-05T15:00:35.134+03:00 DEBUG 18896 --- [taskmanager] [http-nio-8080-exec-9] o.s.s.w.session.SessionManagementFilter  : Request requested invalid session id 74E41001CB135DCA989B54EEABC9F4C2
2026-10-05T15:00:35.134+03:00 DEBUG 18896 --- [taskmanager] [http-nio-8080-exec-9] o.s.security.web.FilterChainProxy        : Secured GET /v3/api-docs/swagger-config
2026-10-05T15:00:35.139+03:00 DEBUG 18896 --- [taskmanager] [http-nio-8080-exec-8] o.s.security.web.FilterChainProxy        : Securing GET /v3/api-docs
2026-10-05T15:00:35.140+03:00 DEBUG 18896 --- [taskmanager] [http-nio-8080-exec-8] o.s.s.w.a.AnonymousAuthenticationFilter  : Set SecurityContextHolder to anonymous SecurityContext
2026-10-05T15:00:35.140+03:00 DEBUG 18896 --- [taskmanager] [http-nio-8080-exec-8] o.s.s.w.session.SessionManagementFilter  : Request requested invalid session id 74E41001CB135DCA989B54EEABC9F4C2
2026-10-05T15:00:35.140+03:00 DEBUG 18896 --- [taskmanager] [http-nio-8080-exec-8] o.s.security.web.FilterChainProxy        : Secured GET /v3/api-docs
2026-10-05T15:00:48.841+03:00 DEBUG 18896 --- [taskmanager] [http-nio-8080-exec-10] o.s.security.web.FilterChainProxy        : Securing PUT /api/tasks/1
2026-10-05T15:00:48.842+03:00 DEBUG 18896 --- [taskmanager] [http-nio-8080-exec-10] o.s.s.w.a.AnonymousAuthenticationFilter  : Set SecurityContextHolder to anonymous SecurityContext
2026-10-05T15:00:48.842+03:00 DEBUG 18896 --- [taskmanager] [http-nio-8080-exec-10] o.s.s.w.session.SessionManagementFilter  : Request requested invalid session id 74E41001CB135DCA989B54EEABC9F4C2
2026-10-05T15:00:48.860+03:00 DEBUG 18896 --- [taskmanager] [http-nio-8080-exec-10] o.s.s.w.s.HttpSessionRequestCache        : Saved request http://localhost:8080/api/tasks/1?continue to session
2026-10-05T15:00:51.375+03:00 DEBUG 18896 --- [taskmanager] [http-nio-8080-exec-1] o.s.security.web.FilterChainProxy        : Securing PUT /api/tasks/1
2026-10-05T15:00:51.375+03:00 DEBUG 18896 --- [taskmanager] [http-nio-8080-exec-1] o.s.s.w.a.AnonymousAuthenticationFilter  : Set SecurityContextHolder to anonymous SecurityContext
2026-10-05T15:00:51.376+03:00 DEBUG 18896 --- [taskmanager] [http-nio-8080-exec-1] o.s.s.w.s.HttpSessionRequestCache        : Saved request http://localhost:8080/api/tasks/1?continue to session
2026-10-05T15:01:42.938+03:00 DEBUG 18896 --- [taskmanager] [http-nio-8080-exec-4] o.s.security.web.FilterChainProxy        : Securing POST /api/auth/login
2026-10-05T15:01:42.939+03:00 DEBUG 18896 --- [taskmanager] [http-nio-8080-exec-4] o.s.s.w.a.AnonymousAuthenticationFilter  : Set SecurityContextHolder to anonymous SecurityContext
2026-10-05T15:01:42.939+03:00 DEBUG 18896 --- [taskmanager] [http-nio-8080-exec-4] o.s.security.web.FilterChainProxy        : Secured POST /api/auth/login
2026-10-05T15:01:42.985+03:00 TRACE 18896 --- [taskmanager] [http-nio-8080-exec-4] o.s.t.i.TransactionInterceptor           : Getting transaction for [com.example.taskmanager.service.AuthService.login]
2026-10-05T15:01:43.047+03:00 TRACE 18896 --- [taskmanager] [http-nio-8080-exec-4] o.s.t.i.TransactionInterceptor           : No need to create transaction for [org.springframework.data.jpa.repository.support.SimpleJpaRepository.findByEmail]: This method is not transactional.
2026-10-05T15:01:43.115+03:00 DEBUG 18896 --- [taskmanager] [http-nio-8080-exec-4] o.s.s.a.dao.DaoAuthenticationProvider    : Authenticated user
2026-10-05T15:01:43.115+03:00 TRACE 18896 --- [taskmanager] [http-nio-8080-exec-4] o.s.t.i.TransactionInterceptor           : No need to create transaction for [org.springframework.data.jpa.repository.support.SimpleJpaRepository.findByEmail]: This method is not transactional.
2026-10-05T15:01:43.193+03:00 TRACE 18896 --- [taskmanager] [http-nio-8080-exec-4] o.s.t.i.TransactionInterceptor           : Getting transaction for [com.example.taskmanager.service.RefreshTokenService.create]
2026-10-05T15:01:43.193+03:00 TRACE 18896 --- [taskmanager] [http-nio-8080-exec-4] o.s.t.i.TransactionInterceptor           : Getting transaction for [org.springframework.data.jpa.repository.support.SimpleJpaRepository.save]
2026-10-05T15:01:43.195+03:00 TRACE 18896 --- [taskmanager] [http-nio-8080-exec-4] o.s.t.i.TransactionInterceptor           : Completing transaction for [org.springframework.data.jpa.repository.support.SimpleJpaRepository.save]
2026-10-05T15:01:43.195+03:00 TRACE 18896 --- [taskmanager] [http-nio-8080-exec-4] o.s.t.i.TransactionInterceptor           : Completing transaction for [com.example.taskmanager.service.RefreshTokenService.create]
2026-10-05T15:01:43.195+03:00 TRACE 18896 --- [taskmanager] [http-nio-8080-exec-4] o.s.t.i.TransactionInterceptor           : Completing transaction for [com.example.taskmanager.service.AuthService.login]
2026-10-05T15:07:56.359+03:00  INFO 18896 --- [taskmanager] [SpringApplicationShutdownHook] o.s.boot.tomcat.GracefulShutdown         : Commencing graceful shutdown. Waiting for active requests to complete
2026-10-05T15:07:56.388+03:00  INFO 18896 --- [taskmanager] [tomcat-shutdown] o.s.boot.tomcat.GracefulShutdown         : Graceful shutdown complete
2026-10-05T15:07:56.392+03:00  INFO 18896 --- [taskmanager] [SpringApplicationShutdownHook] j.LocalContainerEntityManagerFactoryBean : Closing JPA EntityManagerFactory for persistence unit 'default'
2026-10-05T15:07:56.394+03:00  INFO 18896 --- [taskmanager] [SpringApplicationShutdownHook] com.zaxxer.hikari.HikariDataSource       : HikariPool-1 - Shutdown initiated...
2026-10-05T15:07:56.396+03:00  INFO 18896 --- [taskmanager] [SpringApplicationShutdownHook] com.zaxxer.hikari.HikariDataSource       : HikariPool-1 - Shutdown completed.
2026-10-05T15:49:09.961+03:00  INFO 30648 --- [taskmanager] [main] c.e.taskmanager.TaskmanagerApplication   : Starting TaskmanagerApplication using Java 21.0.10 with PID 30648 (C:\Users\Виталий\Desktop\taskmanager\target\classes started by Виталий in C:\Users\Виталий\Desktop\taskmanager)
2026-10-05T15:49:09.964+03:00  INFO 30648 --- [taskmanager] [main] c.e.taskmanager.TaskmanagerApplication   : No active profile set, falling back to 1 default profile: "default"
2026-10-05T15:49:10.895+03:00  INFO 30648 --- [taskmanager] [main] .s.d.r.c.RepositoryConfigurationDelegate : Bootstrapping Spring Data JPA repositories in DEFAULT mode.
2026-10-05T15:49:10.947+03:00  INFO 30648 --- [taskmanager] [main] .s.d.r.c.RepositoryConfigurationDelegate : Finished Spring Data repository scanning in 46 ms. Found 4 JPA repository interfaces.
2026-10-05T15:49:11.440+03:00  INFO 30648 --- [taskmanager] [main] o.s.boot.tomcat.TomcatWebServer          : Tomcat initialized with port 8080 (http)
2026-10-05T15:49:11.451+03:00  INFO 30648 --- [taskmanager] [main] o.apache.catalina.core.StandardService   : Starting service [Tomcat]
2026-10-05T15:49:11.452+03:00  INFO 30648 --- [taskmanager] [main] o.apache.catalina.core.StandardEngine    : Starting Servlet engine: [Apache Tomcat/11.0.24]
2026-10-05T15:49:11.498+03:00  INFO 30648 --- [taskmanager] [main] b.w.c.s.WebApplicationContextInitializer : Root WebApplicationContext: initialization completed in 1498 ms
2026-10-05T15:49:11.675+03:00 DEBUG 30648 --- [taskmanager] [main] o.f.c.i.s.classpath.ClassPathScanner     : Scanning for classpath resources at 'classpath:db/callback' ...
2026-10-05T15:49:11.675+03:00 DEBUG 30648 --- [taskmanager] [main] o.f.c.i.s.classpath.ClassPathScanner     : Determining location urls for classpath:db/callback using ClassLoader TomcatEmbeddedWebappClassLoader
  context: ROOT
  delegate: true
----------> Parent Classloader:
jdk.internal.loader.ClassLoaders$AppClassLoader@3fee733d
 ...
2026-10-05T15:49:11.676+03:00 DEBUG 30648 --- [taskmanager] [main] o.f.c.i.s.classpath.ClassPathScanner     : Unable to resolve location classpath:db/callback.
2026-10-05T15:49:11.676+03:00 DEBUG 30648 --- [taskmanager] [main] o.f.c.i.s.classpath.ClassPathScanner     : Scanning for classpath resources at 'classpath:db/migration' ...
2026-10-05T15:49:11.676+03:00 DEBUG 30648 --- [taskmanager] [main] o.f.c.i.s.classpath.ClassPathScanner     : Determining location urls for classpath:db/migration using ClassLoader TomcatEmbeddedWebappClassLoader
  context: ROOT
  delegate: true
----------> Parent Classloader:
jdk.internal.loader.ClassLoaders$AppClassLoader@3fee733d
 ...
2026-10-05T15:49:11.676+03:00 DEBUG 30648 --- [taskmanager] [main] o.f.c.i.s.classpath.ClassPathScanner     : Scanning URL: file:/C:/Users/%d0%92%d0%b8%d1%82%d0%b0%d0%bb%d0%b8%d0%b9/Desktop/taskmanager/target/classes/db/migration
2026-10-05T15:49:11.677+03:00 DEBUG 30648 --- [taskmanager] [main] i.s.c.FileSystemClassPathLocationScanner : Scanning starting at classpath root in filesystem: C:\Users\Виталий\Desktop\taskmanager\target\classes\
2026-10-05T15:49:11.678+03:00 DEBUG 30648 --- [taskmanager] [main] i.s.c.FileSystemClassPathLocationScanner : Scanning for resources in path: C:\Users\Виталий\Desktop\taskmanager\target\classes\db\migration (db/migration)
2026-10-05T15:49:11.679+03:00 DEBUG 30648 --- [taskmanager] [main] o.f.c.i.s.classpath.ClassPathScanner     : Found resource: db/migration/V1__create_tables.sql
2026-10-05T15:49:11.679+03:00 DEBUG 30648 --- [taskmanager] [main] o.f.c.i.s.classpath.ClassPathScanner     : Found resource: db/migration/V2__add_created_at_to_tasks.sql
2026-10-05T15:49:11.679+03:00 DEBUG 30648 --- [taskmanager] [main] o.f.c.i.s.classpath.ClassPathScanner     : Found resource: db/migration/V3__create_refresh_tokens.sql
2026-10-05T15:49:11.680+03:00 DEBUG 30648 --- [taskmanager] [main] o.f.c.i.s.classpath.ClassPathScanner     : Scanning for classes at classpath:db/migration
2026-10-05T15:49:11.681+03:00  INFO 30648 --- [taskmanager] [main] com.zaxxer.hikari.HikariDataSource       : HikariPool-1 - Starting...
2026-10-05T15:49:11.818+03:00  INFO 30648 --- [taskmanager] [main] com.zaxxer.hikari.pool.HikariPool        : HikariPool-1 - Added connection conn0: url=jdbc:h2:mem:taskdb user=SA
2026-10-05T15:49:11.820+03:00  INFO 30648 --- [taskmanager] [main] com.zaxxer.hikari.HikariDataSource       : HikariPool-1 - Start completed.
2026-10-05T15:49:11.831+03:00 DEBUG 30648 --- [taskmanager] [main] o.f.c.i.resource.ResourceNameValidator   : Validating V2__add_created_at_to_tasks.sql
2026-10-05T15:49:11.832+03:00 DEBUG 30648 --- [taskmanager] [main] o.f.c.i.resource.ResourceNameValidator   : Validating V3__create_refresh_tokens.sql
2026-10-05T15:49:11.832+03:00 DEBUG 30648 --- [taskmanager] [main] o.f.c.i.resource.ResourceNameValidator   : Validating V1__create_tables.sql
2026-10-05T15:49:11.856+03:00  INFO 30648 --- [taskmanager] [main] org.flywaydb.core.FlywayExecutor         : Database: jdbc:h2:mem:taskdb (H2 2.4)
2026-10-05T15:49:11.856+03:00 DEBUG 30648 --- [taskmanager] [main] org.flywaydb.core.FlywayExecutor         : Database Type: H2
2026-10-05T15:49:11.856+03:00 DEBUG 30648 --- [taskmanager] [main] org.flywaydb.core.FlywayExecutor         : Driver: H2 JDBC Driver 2.4.240 (2025-09-22)
2026-10-05T15:49:11.856+03:00 DEBUG 30648 --- [taskmanager] [main] org.flywaydb.core.FlywayExecutor         : DDL Transactions Supported: false
2026-10-05T15:49:11.857+03:00 DEBUG 30648 --- [taskmanager] [main] o.f.c.i.s.SchemaHistoryFactory           : Schemas: 
2026-10-05T15:49:11.857+03:00 DEBUG 30648 --- [taskmanager] [main] o.f.c.i.s.SchemaHistoryFactory           : Default schema: null
2026-10-05T15:49:11.861+03:00  WARN 30648 --- [taskmanager] [main] o.f.c.internal.database.base.Database    : Flyway upgrade recommended: H2 2.4.240 is newer than this version of Flyway and support has not been tested. The latest supported version of H2 is 2.3.232.
2026-10-05T15:49:11.862+03:00 DEBUG 30648 --- [taskmanager] [main] org.flywaydb.core.FlywayExecutor         : Scanning for script callbacks ...
2026-10-05T15:49:11.863+03:00 DEBUG 30648 --- [taskmanager] [main] o.f.c.i.c.SqlScriptCallbackFactory       : Scanning for SQL callbacks ...
2026-10-05T15:49:11.871+03:00 DEBUG 30648 --- [taskmanager] [main] o.f.core.internal.command.DbValidate     : Validating migrations ...
2026-10-05T15:49:11.873+03:00 DEBUG 30648 --- [taskmanager] [main] o.f.c.a.c.ClassicConfiguration           : CherryPickConfigurationExtension not found
2026-10-05T15:49:11.887+03:00 DEBUG 30648 --- [taskmanager] [main] o.f.core.internal.scanner.Scanner        : Filtering out resource: db/migration/V2__add_created_at_to_tasks.sql (filename: V2__add_created_at_to_tasks.sql)
2026-10-05T15:49:11.887+03:00 DEBUG 30648 --- [taskmanager] [main] o.f.core.internal.scanner.Scanner        : Filtering out resource: db/migration/V3__create_refresh_tokens.sql (filename: V3__create_refresh_tokens.sql)
2026-10-05T15:49:11.887+03:00 DEBUG 30648 --- [taskmanager] [main] o.f.core.internal.scanner.Scanner        : Filtering out resource: db/migration/V1__create_tables.sql (filename: V1__create_tables.sql)
2026-10-05T15:49:11.888+03:00 DEBUG 30648 --- [taskmanager] [main] o.f.core.internal.scanner.Scanner        : Filtering out resource: db/migration/V2__add_created_at_to_tasks.sql (filename: V2__add_created_at_to_tasks.sql)
2026-10-05T15:49:11.888+03:00 DEBUG 30648 --- [taskmanager] [main] o.f.core.internal.scanner.Scanner        : Filtering out resource: db/migration/V3__create_refresh_tokens.sql (filename: V3__create_refresh_tokens.sql)
2026-10-05T15:49:11.888+03:00 DEBUG 30648 --- [taskmanager] [main] o.f.core.internal.scanner.Scanner        : Filtering out resource: db/migration/V1__create_tables.sql (filename: V1__create_tables.sql)
2026-10-05T15:49:11.889+03:00 DEBUG 30648 --- [taskmanager] [main] o.f.core.internal.scanner.Scanner        : Filtering out resource: db/migration/V2__add_created_at_to_tasks.sql (filename: V2__add_created_at_to_tasks.sql)
2026-10-05T15:49:11.889+03:00 DEBUG 30648 --- [taskmanager] [main] o.f.core.internal.scanner.Scanner        : Filtering out resource: db/migration/V3__create_refresh_tokens.sql (filename: V3__create_refresh_tokens.sql)
2026-10-05T15:49:11.889+03:00 DEBUG 30648 --- [taskmanager] [main] o.f.core.internal.scanner.Scanner        : Filtering out resource: db/migration/V1__create_tables.sql (filename: V1__create_tables.sql)
2026-10-05T15:49:11.890+03:00 DEBUG 30648 --- [taskmanager] [main] o.f.core.internal.scanner.Scanner        : Filtering out resource: db/migration/V2__add_created_at_to_tasks.sql (filename: V2__add_created_at_to_tasks.sql)
2026-10-05T15:49:11.890+03:00 DEBUG 30648 --- [taskmanager] [main] o.f.core.internal.scanner.Scanner        : Filtering out resource: db/migration/V3__create_refresh_tokens.sql (filename: V3__create_refresh_tokens.sql)
2026-10-05T15:49:11.890+03:00 DEBUG 30648 --- [taskmanager] [main] o.f.core.internal.scanner.Scanner        : Filtering out resource: db/migration/V1__create_tables.sql (filename: V1__create_tables.sql)
2026-10-05T15:49:11.892+03:00  INFO 30648 --- [taskmanager] [main] o.f.c.i.s.JdbcTableSchemaHistory         : Schema history table "PUBLIC"."flyway_schema_history" does not exist yet
2026-10-05T15:49:11.894+03:00  INFO 30648 --- [taskmanager] [main] o.f.core.internal.command.DbValidate     : Successfully validated 3 migrations (execution time 00:00.022s)
2026-10-05T15:49:11.896+03:00 DEBUG 30648 --- [taskmanager] [main] o.f.core.internal.command.DbSchemas      : Skipping creation of existing schema: "PUBLIC"
2026-10-05T15:49:11.899+03:00  INFO 30648 --- [taskmanager] [main] o.f.c.i.s.JdbcTableSchemaHistory         : Creating Schema History table "PUBLIC"."flyway_schema_history" ...
2026-10-05T15:49:11.902+03:00 DEBUG 30648 --- [taskmanager] [main] o.flywaydb.core.internal.parser.Parser   : Parsing  ...
2026-10-05T15:49:11.908+03:00 DEBUG 30648 --- [taskmanager] [main] o.f.c.i.sqlscript.ParserSqlScript        : Found statement at line 1: CREATE TABLE IF NOT EXISTS "PUBLIC"."flyway_schema_history" (
    "installed_rank" INT NOT NULL,
    "version" VARCHAR(50),
    "description" VARCHAR(200) NOT NULL,
    "type" VARCHAR(20) NOT NULL,
    "script" VARCHAR(1000) NOT NULL,
    "checksum" INT,
    "installed_by" VARCHAR(100) NOT NULL,
    "installed_on" TIMESTAMP NOT NULL DEFAULT CURRENT_TIMESTAMP,
    "execution_time" INT NOT NULL,
    "success" BOOLEAN NOT NULL,
    CONSTRAINT "flyway_schema_history_pk" PRIMARY KEY ("installed_rank")
) AS SELECT -1, NULL, '<< Flyway Schema History table created >>', 'TABLE', '', NULL, 'SA', CURRENT_TIMESTAMP, 0, TRUE
2026-10-05T15:49:11.909+03:00 DEBUG 30648 --- [taskmanager] [main] o.f.c.i.sqlscript.ParserSqlScript        : Found statement at line 14: CREATE INDEX "PUBLIC"."flyway_schema_history_s_idx" ON "PUBLIC"."flyway_schema_history" ("success")
2026-10-05T15:49:11.909+03:00 DEBUG 30648 --- [taskmanager] [main] o.f.c.i.s.DefaultSqlScriptExecutor       : Executing SQL: CREATE TABLE IF NOT EXISTS "PUBLIC"."flyway_schema_history" (
    "installed_rank" INT NOT NULL,
    "version" VARCHAR(50),
    "description" VARCHAR(200) NOT NULL,
    "type" VARCHAR(20) NOT NULL,
    "script" VARCHAR(1000) NOT NULL,
    "checksum" INT,
    "installed_by" VARCHAR(100) NOT NULL,
    "installed_on" TIMESTAMP NOT NULL DEFAULT CURRENT_TIMESTAMP,
    "execution_time" INT NOT NULL,
    "success" BOOLEAN NOT NULL,
    CONSTRAINT "flyway_schema_history_pk" PRIMARY KEY ("installed_rank")
) AS SELECT -1, NULL, '<< Flyway Schema History table created >>', 'TABLE', '', NULL, 'SA', CURRENT_TIMESTAMP, 0, TRUE
2026-10-05T15:49:11.915+03:00 DEBUG 30648 --- [taskmanager] [main] o.f.c.i.s.DefaultSqlScriptExecutor       : 0 rows affected
2026-10-05T15:49:11.915+03:00 DEBUG 30648 --- [taskmanager] [main] o.f.c.i.s.DefaultSqlScriptExecutor       : Executing SQL: CREATE INDEX "PUBLIC"."flyway_schema_history_s_idx" ON "PUBLIC"."flyway_schema_history" ("success")
2026-10-05T15:49:11.916+03:00 DEBUG 30648 --- [taskmanager] [main] o.f.c.i.s.DefaultSqlScriptExecutor       : 0 rows affected
2026-10-05T15:49:11.916+03:00 DEBUG 30648 --- [taskmanager] [main] o.f.c.i.s.JdbcTableSchemaHistory         : Created Schema History table "PUBLIC"."flyway_schema_history"
2026-10-05T15:49:11.920+03:00 DEBUG 30648 --- [taskmanager] [main] o.f.c.a.c.ClassicConfiguration           : CherryPickConfigurationExtension not found
2026-10-05T15:49:11.926+03:00  INFO 30648 --- [taskmanager] [main] o.f.core.internal.command.DbMigrate      : Current version of schema "PUBLIC": << Empty Schema >>
2026-10-05T15:49:11.927+03:00 DEBUG 30648 --- [taskmanager] [main] o.flywaydb.core.internal.parser.Parser   : Parsing V1__create_tables.sql ...
2026-10-05T15:49:11.929+03:00 DEBUG 30648 --- [taskmanager] [main] o.f.c.i.sqlscript.ParserSqlScript        : Found statement at line 1: CREATE TABLE users (
                       id BIGINT GENERATED BY DEFAULT AS IDENTITY PRIMARY KEY,
                       email VARCHAR(255) NOT NULL UNIQUE,
                       password VARCHAR(255) NOT NULL,
                       role VARCHAR(50) NOT NULL
)
2026-10-05T15:49:11.930+03:00 DEBUG 30648 --- [taskmanager] [main] o.f.c.i.sqlscript.ParserSqlScript        : Found statement at line 8: CREATE TABLE tasks (
                       id BIGINT GENERATED BY DEFAULT AS IDENTITY PRIMARY KEY,
                       title VARCHAR(255) NOT NULL,
                       description VARCHAR(255),
                       priority VARCHAR(50) NOT NULL,
                       status VARCHAR(50) NOT NULL DEFAULT 'NEW',
                       owner_id BIGINT,
                       CONSTRAINT fk_tasks_owner FOREIGN KEY (owner_id) REFERENCES users(id)
)
2026-10-05T15:49:11.931+03:00 DEBUG 30648 --- [taskmanager] [main] o.f.c.i.sqlscript.ParserSqlScript        : Found statement at line 18: CREATE TABLE audit_logs (
                            id BIGINT GENERATED BY DEFAULT AS IDENTITY PRIMARY KEY,
                            action VARCHAR(255) NOT NULL,
                            task_id BIGINT,
                            created_at TIMESTAMP NOT NULL
)
2026-10-05T15:49:11.931+03:00 DEBUG 30648 --- [taskmanager] [main] o.f.c.i.sqlscript.ParserSqlScript        : Found statement at line 25: INSERT INTO tasks (title, description, priority, status)
VALUES ('Изучить Flyway', 'Первая миграция', 'HIGH', 'NEW'),
       ('Написать тесты', 'Потом', 'MEDIUM', 'NEW')
2026-10-05T15:49:11.933+03:00 DEBUG 30648 --- [taskmanager] [main] o.f.core.internal.command.DbMigrate      : Starting migration of schema "PUBLIC" to version "1 - create tables" ...
2026-10-05T15:49:11.933+03:00  INFO 30648 --- [taskmanager] [main] o.f.core.internal.command.DbMigrate      : Migrating schema "PUBLIC" to version "1 - create tables"
2026-10-05T15:49:11.934+03:00 DEBUG 30648 --- [taskmanager] [main] o.f.c.i.s.DefaultSqlScriptExecutor       : Executing SQL: CREATE TABLE users (
                       id BIGINT GENERATED BY DEFAULT AS IDENTITY PRIMARY KEY,
                       email VARCHAR(255) NOT NULL UNIQUE,
                       password VARCHAR(255) NOT NULL,
                       role VARCHAR(50) NOT NULL
)
2026-10-05T15:49:11.939+03:00 DEBUG 30648 --- [taskmanager] [main] o.f.c.i.s.DefaultSqlScriptExecutor       : 0 rows affected
2026-10-05T15:49:11.939+03:00 DEBUG 30648 --- [taskmanager] [main] o.f.c.i.s.DefaultSqlScriptExecutor       : Executing SQL: CREATE TABLE tasks (
                       id BIGINT GENERATED BY DEFAULT AS IDENTITY PRIMARY KEY,
                       title VARCHAR(255) NOT NULL,
                       description VARCHAR(255),
                       priority VARCHAR(50) NOT NULL,
                       status VARCHAR(50) NOT NULL DEFAULT 'NEW',
                       owner_id BIGINT,
                       CONSTRAINT fk_tasks_owner FOREIGN KEY (owner_id) REFERENCES users(id)
)
2026-10-05T15:49:11.943+03:00 DEBUG 30648 --- [taskmanager] [main] o.f.c.i.s.DefaultSqlScriptExecutor       : 0 rows affected
2026-10-05T15:49:11.943+03:00 DEBUG 30648 --- [taskmanager] [main] o.f.c.i.s.DefaultSqlScriptExecutor       : Executing SQL: CREATE TABLE audit_logs (
                            id BIGINT GENERATED BY DEFAULT AS IDENTITY PRIMARY KEY,
                            action VARCHAR(255) NOT NULL,
                            task_id BIGINT,
                            created_at TIMESTAMP NOT NULL
)
2026-10-05T15:49:11.943+03:00 DEBUG 30648 --- [taskmanager] [main] o.f.c.i.s.DefaultSqlScriptExecutor       : 0 rows affected
2026-10-05T15:49:11.943+03:00 DEBUG 30648 --- [taskmanager] [main] o.f.c.i.s.DefaultSqlScriptExecutor       : Executing SQL: INSERT INTO tasks (title, description, priority, status)
VALUES ('Изучить Flyway', 'Первая миграция', 'HIGH', 'NEW'),
       ('Написать тесты', 'Потом', 'MEDIUM', 'NEW')
2026-10-05T15:49:11.944+03:00 DEBUG 30648 --- [taskmanager] [main] o.f.c.i.s.DefaultSqlScriptExecutor       : 2 rows affected
2026-10-05T15:49:11.944+03:00 DEBUG 30648 --- [taskmanager] [main] o.f.core.internal.command.DbMigrate      : Successfully completed migration of schema "PUBLIC" to version "1 - create tables"
2026-10-05T15:49:11.946+03:00 DEBUG 30648 --- [taskmanager] [main] o.f.c.i.s.JdbcTableSchemaHistory         : Schema History table "PUBLIC"."flyway_schema_history" successfully updated to reflect changes
2026-10-05T15:49:11.947+03:00 DEBUG 30648 --- [taskmanager] [main] o.f.c.a.c.ClassicConfiguration           : CherryPickConfigurationExtension not found
2026-10-05T15:49:11.950+03:00 DEBUG 30648 --- [taskmanager] [main] o.flywaydb.core.internal.parser.Parser   : Parsing V2__add_created_at_to_tasks.sql ...
2026-10-05T15:49:11.951+03:00 DEBUG 30648 --- [taskmanager] [main] o.f.c.i.sqlscript.ParserSqlScript        : Found statement at line 1: ALTER TABLE tasks ADD COLUMN created_at TIMESTAMP DEFAULT NOW()
2026-10-05T15:49:11.951+03:00 DEBUG 30648 --- [taskmanager] [main] o.f.core.internal.command.DbMigrate      : Starting migration of schema "PUBLIC" to version "2 - add created at to tasks" ...
2026-10-05T15:49:11.952+03:00  INFO 30648 --- [taskmanager] [main] o.f.core.internal.command.DbMigrate      : Migrating schema "PUBLIC" to version "2 - add created at to tasks"
2026-10-05T15:49:11.952+03:00 DEBUG 30648 --- [taskmanager] [main] o.f.c.i.s.DefaultSqlScriptExecutor       : Executing SQL: ALTER TABLE tasks ADD COLUMN created_at TIMESTAMP DEFAULT NOW()
2026-10-05T15:49:11.957+03:00 DEBUG 30648 --- [taskmanager] [main] o.f.c.i.s.DefaultSqlScriptExecutor       : 0 rows affected
2026-10-05T15:49:11.957+03:00 DEBUG 30648 --- [taskmanager] [main] o.f.core.internal.command.DbMigrate      : Successfully completed migration of schema "PUBLIC" to version "2 - add created at to tasks"
2026-10-05T15:49:11.958+03:00 DEBUG 30648 --- [taskmanager] [main] o.f.c.i.s.JdbcTableSchemaHistory         : Schema History table "PUBLIC"."flyway_schema_history" successfully updated to reflect changes
2026-10-05T15:49:11.958+03:00 DEBUG 30648 --- [taskmanager] [main] o.f.c.a.c.ClassicConfiguration           : CherryPickConfigurationExtension not found
2026-10-05T15:49:11.959+03:00 DEBUG 30648 --- [taskmanager] [main] o.flywaydb.core.internal.parser.Parser   : Parsing V3__create_refresh_tokens.sql ...
2026-10-05T15:49:11.960+03:00 DEBUG 30648 --- [taskmanager] [main] o.f.c.i.sqlscript.ParserSqlScript        : Found statement at line 1: CREATE TABLE refresh_tokens (
                                id BIGINT GENERATED BY DEFAULT AS IDENTITY PRIMARY KEY,
                                token VARCHAR(255) NOT NULL UNIQUE,
                                user_id BIGINT,
                                expires_at TIMESTAMP NOT NULL,
                                CONSTRAINT fk_refresh_user FOREIGN KEY (user_id) REFERENCES users(id)
)
2026-10-05T15:49:11.960+03:00 DEBUG 30648 --- [taskmanager] [main] o.f.core.internal.command.DbMigrate      : Starting migration of schema "PUBLIC" to version "3 - create refresh tokens" ...
2026-10-05T15:49:11.961+03:00  INFO 30648 --- [taskmanager] [main] o.f.core.internal.command.DbMigrate      : Migrating schema "PUBLIC" to version "3 - create refresh tokens"
2026-10-05T15:49:11.961+03:00 DEBUG 30648 --- [taskmanager] [main] o.f.c.i.s.DefaultSqlScriptExecutor       : Executing SQL: CREATE TABLE refresh_tokens (
                                id BIGINT GENERATED BY DEFAULT AS IDENTITY PRIMARY KEY,
                                token VARCHAR(255) NOT NULL UNIQUE,
                                user_id BIGINT,
                                expires_at TIMESTAMP NOT NULL,
                                CONSTRAINT fk_refresh_user FOREIGN KEY (user_id) REFERENCES users(id)
)
2026-10-05T15:49:11.963+03:00 DEBUG 30648 --- [taskmanager] [main] o.f.c.i.s.DefaultSqlScriptExecutor       : 0 rows affected
2026-10-05T15:49:11.963+03:00 DEBUG 30648 --- [taskmanager] [main] o.f.core.internal.command.DbMigrate      : Successfully completed migration of schema "PUBLIC" to version "3 - create refresh tokens"
2026-10-05T15:49:11.964+03:00 DEBUG 30648 --- [taskmanager] [main] o.f.c.i.s.JdbcTableSchemaHistory         : Schema History table "PUBLIC"."flyway_schema_history" successfully updated to reflect changes
2026-10-05T15:49:11.965+03:00 DEBUG 30648 --- [taskmanager] [main] o.f.c.a.c.ClassicConfiguration           : CherryPickConfigurationExtension not found
2026-10-05T15:49:11.968+03:00  INFO 30648 --- [taskmanager] [main] o.f.core.internal.command.DbMigrate      : Successfully applied 3 migrations to schema "PUBLIC", now at version v3 (execution time 00:00.018s)
2026-10-05T15:49:11.973+03:00 DEBUG 30648 --- [taskmanager] [main] org.flywaydb.core.FlywayExecutor         : Memory usage: 80 of 284M
2026-10-05T15:49:12.041+03:00  INFO 30648 --- [taskmanager] [main] org.hibernate.orm.jpa                    : HHH008540: Processing PersistenceUnitInfo [name: default]
2026-10-05T15:49:12.087+03:00  INFO 30648 --- [taskmanager] [main] org.hibernate.orm.core                   : HHH000001: Hibernate ORM core version 7.4.5.Final
2026-10-05T15:49:12.436+03:00  INFO 30648 --- [taskmanager] [main] o.s.o.j.p.SpringPersistenceUnitInfo      : No LoadTimeWeaver setup: ignoring JPA class transformer
2026-10-05T15:49:12.498+03:00  INFO 30648 --- [taskmanager] [main] org.hibernate.orm.connections.pooling    : HHH10001005: Database info:
	Database JDBC URL [jdbc:h2:mem:taskdb]
	Database driver: H2 JDBC Driver
	Database dialect: H2Dialect
	Database version: 2.4.240
	Default catalog/schema: TASKDB/PUBLIC
	Autocommit mode: undefined/unknown
	Isolation level: READ_COMMITTED [default READ_COMMITTED]
	JDBC fetch size: 100
	Pool: DataSourceConnectionProvider
	Minimum pool size: undefined/unknown
	Maximum pool size: undefined/unknown
2026-10-05T15:49:13.287+03:00  INFO 30648 --- [taskmanager] [main] org.hibernate.orm.core                   : HHH000489: No JTA platform available (set 'hibernate.transaction.jta.platform' to enable JTA platform integration)
2026-10-05T15:49:13.293+03:00  INFO 30648 --- [taskmanager] [main] j.LocalContainerEntityManagerFactoryBean : Initialized JPA EntityManagerFactory for persistence unit 'default'
2026-10-05T15:49:13.354+03:00  INFO 30648 --- [taskmanager] [main] o.s.d.j.r.query.QueryEnhancerFactories   : Hibernate is in classpath; If applicable, HQL parser will be used.
2026-10-05T15:49:13.546+03:00  INFO 30648 --- [taskmanager] [main] r$InitializeUserDetailsManagerConfigurer : Global AuthenticationManager configured with UserDetailsService bean with name userDetailsServiceImpl
2026-10-05T15:49:13.898+03:00 TRACE 30648 --- [taskmanager] [main] t.a.AnnotationTransactionAttributeSource : Adding transactional method 'com.example.taskmanager.service.RefreshTokenService.create' with attribute: PROPAGATION_REQUIRED,ISOLATION_DEFAULT
2026-10-05T15:49:13.908+03:00 TRACE 30648 --- [taskmanager] [main] t.a.AnnotationTransactionAttributeSource : Adding transactional method 'com.example.taskmanager.service.RefreshTokenService.verify' with attribute: PROPAGATION_REQUIRED,ISOLATION_DEFAULT
2026-10-05T15:49:13.908+03:00 TRACE 30648 --- [taskmanager] [main] t.a.AnnotationTransactionAttributeSource : Adding transactional method 'com.example.taskmanager.service.RefreshTokenService.deleteByUserId' with attribute: PROPAGATION_REQUIRED,ISOLATION_DEFAULT
2026-10-05T15:49:13.914+03:00 TRACE 30648 --- [taskmanager] [main] t.a.AnnotationTransactionAttributeSource : Adding transactional method 'com.example.taskmanager.service.AuthService.register' with attribute: PROPAGATION_REQUIRED,ISOLATION_DEFAULT
2026-10-05T15:49:13.915+03:00 TRACE 30648 --- [taskmanager] [main] t.a.AnnotationTransactionAttributeSource : Adding transactional method 'com.example.taskmanager.service.AuthService.refresh' with attribute: PROPAGATION_REQUIRED,ISOLATION_DEFAULT
2026-10-05T15:49:13.915+03:00 TRACE 30648 --- [taskmanager] [main] t.a.AnnotationTransactionAttributeSource : Adding transactional method 'com.example.taskmanager.service.AuthService.logout' with attribute: PROPAGATION_REQUIRED,ISOLATION_DEFAULT
2026-10-05T15:49:13.916+03:00 TRACE 30648 --- [taskmanager] [main] t.a.AnnotationTransactionAttributeSource : Adding transactional method 'com.example.taskmanager.service.AuthService.login' with attribute: PROPAGATION_REQUIRED,ISOLATION_DEFAULT
2026-10-05T15:49:13.955+03:00 TRACE 30648 --- [taskmanager] [main] t.a.AnnotationTransactionAttributeSource : Adding transactional method 'com.example.taskmanager.service.AuditService.logAction' with attribute: PROPAGATION_REQUIRES_NEW,ISOLATION_DEFAULT
2026-10-05T15:49:13.959+03:00 TRACE 30648 --- [taskmanager] [main] t.a.AnnotationTransactionAttributeSource : Adding transactional method 'com.example.taskmanager.service.TaskService.update' with attribute: PROPAGATION_REQUIRED,ISOLATION_DEFAULT
2026-10-05T15:49:13.969+03:00 TRACE 30648 --- [taskmanager] [main] t.a.AnnotationTransactionAttributeSource : Adding transactional method 'com.example.taskmanager.service.TaskService.delete' with attribute: PROPAGATION_REQUIRED,ISOLATION_DEFAULT
2026-10-05T15:49:13.969+03:00 TRACE 30648 --- [taskmanager] [main] t.a.AnnotationTransactionAttributeSource : Adding transactional method 'com.example.taskmanager.service.TaskService.create' with attribute: PROPAGATION_REQUIRED,ISOLATION_DEFAULT
2026-10-05T15:49:13.969+03:00 TRACE 30648 --- [taskmanager] [main] t.a.AnnotationTransactionAttributeSource : Adding transactional method 'com.example.taskmanager.service.TaskService.getAll' with attribute: PROPAGATION_REQUIRED,ISOLATION_DEFAULT,readOnly
2026-10-05T15:49:13.969+03:00 TRACE 30648 --- [taskmanager] [main] t.a.AnnotationTransactionAttributeSource : Adding transactional method 'com.example.taskmanager.service.TaskService.updateStatus' with attribute: PROPAGATION_REQUIRED,ISOLATION_DEFAULT
2026-10-05T15:49:13.970+03:00 TRACE 30648 --- [taskmanager] [main] t.a.AnnotationTransactionAttributeSource : Adding transactional method 'com.example.taskmanager.service.TaskService.getById' with attribute: PROPAGATION_REQUIRED,ISOLATION_DEFAULT,readOnly
2026-10-05T15:49:13.970+03:00 TRACE 30648 --- [taskmanager] [main] t.a.AnnotationTransactionAttributeSource : Adding transactional method 'com.example.taskmanager.service.TaskService.getStats' with attribute: PROPAGATION_REQUIRED,ISOLATION_DEFAULT,readOnly
2026-10-05T15:49:13.970+03:00 TRACE 30648 --- [taskmanager] [main] t.a.AnnotationTransactionAttributeSource : Adding transactional method 'com.example.taskmanager.service.TaskService.getMy' with attribute: PROPAGATION_REQUIRED,ISOLATION_DEFAULT,readOnly
2026-10-05T15:49:14.069+03:00  WARN 30648 --- [taskmanager] [main] JpaBaseConfiguration$JpaWebConfiguration : spring.jpa.open-in-view is enabled by default. Therefore, database queries may be performed during view rendering. Explicitly configure spring.jpa.open-in-view to disable this warning
2026-10-05T15:49:14.247+03:00 DEBUG 30648 --- [taskmanager] [main] o.s.s.web.DefaultSecurityFilterChain     : Will secure any request with filters: DisableEncodeUrlFilter, WebAsyncManagerIntegrationFilter, SecurityContextHolderFilter, HeaderWriterFilter, LogoutFilter, JwtAuthFilter, UsernamePasswordAuthenticationFilter, RequestCacheAwareFilter, SecurityContextHolderAwareRequestFilter, AnonymousAuthenticationFilter, SessionManagementFilter, ExceptionTranslationFilter, AuthorizationFilter
2026-10-05T15:49:14.629+03:00  INFO 30648 --- [taskmanager] [main] o.s.b.h.a.H2ConsoleAutoConfiguration     : H2 console available at '/h2-console'. Database available at 'jdbc:h2:mem:taskdb'
2026-10-05T15:49:14.680+03:00  INFO 30648 --- [taskmanager] [main] o.s.boot.tomcat.TomcatWebServer          : Tomcat started on port 8080 (http) with context path '/'
2026-10-05T15:49:14.686+03:00  INFO 30648 --- [taskmanager] [main] c.e.taskmanager.TaskmanagerApplication   : Started TaskmanagerApplication in 5.076 seconds (process running for 5.629)
2026-10-05T15:49:14.690+03:00 TRACE 30648 --- [taskmanager] [main] o.s.t.i.TransactionInterceptor           : No need to create transaction for [org.springframework.data.jpa.repository.support.SimpleJpaRepository.findByEmail]: This method is not transactional.
2026-10-05T15:49:14.867+03:00 TRACE 30648 --- [taskmanager] [main] o.s.t.i.TransactionInterceptor           : Getting transaction for [org.springframework.data.jpa.repository.support.SimpleJpaRepository.save]
2026-10-05T15:49:14.896+03:00 TRACE 30648 --- [taskmanager] [main] o.s.t.i.TransactionInterceptor           : Completing transaction for [org.springframework.data.jpa.repository.support.SimpleJpaRepository.save]
2026-10-05T15:49:14.902+03:00 TRACE 30648 --- [taskmanager] [main] o.s.t.i.TransactionInterceptor           : No need to create transaction for [org.springframework.data.jpa.repository.support.SimpleJpaRepository.findByEmail]: This method is not transactional.
2026-10-05T15:49:14.965+03:00 TRACE 30648 --- [taskmanager] [main] o.s.t.i.TransactionInterceptor           : Getting transaction for [org.springframework.data.jpa.repository.support.SimpleJpaRepository.save]
2026-10-05T15:49:14.966+03:00 TRACE 30648 --- [taskmanager] [main] o.s.t.i.TransactionInterceptor           : Completing transaction for [org.springframework.data.jpa.repository.support.SimpleJpaRepository.save]
2026-10-05T15:49:14.967+03:00  WARN 30648 --- [taskmanager] [main] o.s.core.events.SpringDocAppInitializer  : SpringDoc /v3/api-docs endpoint is enabled by default. To disable it in production, set the property 'springdoc.api-docs.enabled=false'
2026-10-05T15:49:14.967+03:00  WARN 30648 --- [taskmanager] [main] o.s.core.events.SpringDocAppInitializer  : SpringDoc /swagger-ui.html endpoint is enabled by default. To disable it in production, set the property 'springdoc.swagger-ui.enabled=false'
2026-10-05T15:49:20.636+03:00  INFO 30648 --- [taskmanager] [SpringApplicationShutdownHook] o.s.boot.tomcat.GracefulShutdown         : Commencing graceful shutdown. Waiting for active requests to complete
2026-10-05T15:49:20.645+03:00  INFO 30648 --- [taskmanager] [tomcat-shutdown] o.s.boot.tomcat.GracefulShutdown         : Graceful shutdown complete
2026-10-05T15:49:20.649+03:00  INFO 30648 --- [taskmanager] [SpringApplicationShutdownHook] j.LocalContainerEntityManagerFactoryBean : Closing JPA EntityManagerFactory for persistence unit 'default'
2026-10-05T15:49:20.651+03:00  INFO 30648 --- [taskmanager] [SpringApplicationShutdownHook] com.zaxxer.hikari.HikariDataSource       : HikariPool-1 - Shutdown initiated...
2026-10-05T15:49:20.652+03:00  INFO 30648 --- [taskmanager] [SpringApplicationShutdownHook] com.zaxxer.hikari.HikariDataSource       : HikariPool-1 - Shutdown completed.
2026-10-05T15:52:29.438+03:00  INFO 32572 --- [taskmanager] [main] c.e.taskmanager.TaskmanagerApplication   : Starting TaskmanagerApplication using Java 21.0.10 with PID 32572 (C:\Users\Виталий\Desktop\taskmanager\target\classes started by Виталий in C:\Users\Виталий\Desktop\taskmanager)
2026-10-05T15:52:29.440+03:00  INFO 32572 --- [taskmanager] [main] c.e.taskmanager.TaskmanagerApplication   : No active profile set, falling back to 1 default profile: "default"
2026-10-05T15:52:30.079+03:00  INFO 32572 --- [taskmanager] [main] .s.d.r.c.RepositoryConfigurationDelegate : Bootstrapping Spring Data JPA repositories in DEFAULT mode.
2026-10-05T15:52:30.136+03:00  INFO 32572 --- [taskmanager] [main] .s.d.r.c.RepositoryConfigurationDelegate : Finished Spring Data repository scanning in 48 ms. Found 4 JPA repository interfaces.
2026-10-05T15:52:30.661+03:00  INFO 32572 --- [taskmanager] [main] o.s.boot.tomcat.TomcatWebServer          : Tomcat initialized with port 8080 (http)
2026-10-05T15:52:30.672+03:00  INFO 32572 --- [taskmanager] [main] o.apache.catalina.core.StandardService   : Starting service [Tomcat]
2026-10-05T15:52:30.672+03:00  INFO 32572 --- [taskmanager] [main] o.apache.catalina.core.StandardEngine    : Starting Servlet engine: [Apache Tomcat/11.0.24]
2026-10-05T15:52:30.717+03:00  INFO 32572 --- [taskmanager] [main] b.w.c.s.WebApplicationContextInitializer : Root WebApplicationContext: initialization completed in 1247 ms
2026-10-05T15:52:30.913+03:00 DEBUG 32572 --- [taskmanager] [main] o.f.c.i.s.classpath.ClassPathScanner     : Scanning for classpath resources at 'classpath:db/callback' ...
2026-10-05T15:52:30.914+03:00 DEBUG 32572 --- [taskmanager] [main] o.f.c.i.s.classpath.ClassPathScanner     : Determining location urls for classpath:db/callback using ClassLoader TomcatEmbeddedWebappClassLoader
  context: ROOT
  delegate: true
----------> Parent Classloader:
jdk.internal.loader.ClassLoaders$AppClassLoader@3fee733d
 ...
2026-10-05T15:52:30.914+03:00 DEBUG 32572 --- [taskmanager] [main] o.f.c.i.s.classpath.ClassPathScanner     : Unable to resolve location classpath:db/callback.
2026-10-05T15:52:30.914+03:00 DEBUG 32572 --- [taskmanager] [main] o.f.c.i.s.classpath.ClassPathScanner     : Scanning for classpath resources at 'classpath:db/migration' ...
2026-10-05T15:52:30.914+03:00 DEBUG 32572 --- [taskmanager] [main] o.f.c.i.s.classpath.ClassPathScanner     : Determining location urls for classpath:db/migration using ClassLoader TomcatEmbeddedWebappClassLoader
  context: ROOT
  delegate: true
----------> Parent Classloader:
jdk.internal.loader.ClassLoaders$AppClassLoader@3fee733d
 ...
2026-10-05T15:52:30.914+03:00 DEBUG 32572 --- [taskmanager] [main] o.f.c.i.s.classpath.ClassPathScanner     : Scanning URL: file:/C:/Users/%d0%92%d0%b8%d1%82%d0%b0%d0%bb%d0%b8%d0%b9/Desktop/taskmanager/target/classes/db/migration
2026-10-05T15:52:30.915+03:00 DEBUG 32572 --- [taskmanager] [main] i.s.c.FileSystemClassPathLocationScanner : Scanning starting at classpath root in filesystem: C:\Users\Виталий\Desktop\taskmanager\target\classes\
2026-10-05T15:52:30.915+03:00 DEBUG 32572 --- [taskmanager] [main] i.s.c.FileSystemClassPathLocationScanner : Scanning for resources in path: C:\Users\Виталий\Desktop\taskmanager\target\classes\db\migration (db/migration)
2026-10-05T15:52:30.917+03:00 DEBUG 32572 --- [taskmanager] [main] o.f.c.i.s.classpath.ClassPathScanner     : Found resource: db/migration/V1__create_tables.sql
2026-10-05T15:52:30.917+03:00 DEBUG 32572 --- [taskmanager] [main] o.f.c.i.s.classpath.ClassPathScanner     : Found resource: db/migration/V2__add_created_at_to_tasks.sql
2026-10-05T15:52:30.917+03:00 DEBUG 32572 --- [taskmanager] [main] o.f.c.i.s.classpath.ClassPathScanner     : Found resource: db/migration/V3__create_refresh_tokens.sql
2026-10-05T15:52:30.917+03:00 DEBUG 32572 --- [taskmanager] [main] o.f.c.i.s.classpath.ClassPathScanner     : Scanning for classes at classpath:db/migration
2026-10-05T15:52:30.920+03:00  INFO 32572 --- [taskmanager] [main] com.zaxxer.hikari.HikariDataSource       : HikariPool-1 - Starting...
2026-10-05T15:52:31.060+03:00  INFO 32572 --- [taskmanager] [main] com.zaxxer.hikari.pool.HikariPool        : HikariPool-1 - Added connection conn0: url=jdbc:h2:mem:taskdb user=SA
2026-10-05T15:52:31.062+03:00  INFO 32572 --- [taskmanager] [main] com.zaxxer.hikari.HikariDataSource       : HikariPool-1 - Start completed.
2026-10-05T15:52:31.073+03:00 DEBUG 32572 --- [taskmanager] [main] o.f.c.i.resource.ResourceNameValidator   : Validating V2__add_created_at_to_tasks.sql
2026-10-05T15:52:31.074+03:00 DEBUG 32572 --- [taskmanager] [main] o.f.c.i.resource.ResourceNameValidator   : Validating V3__create_refresh_tokens.sql
2026-10-05T15:52:31.075+03:00 DEBUG 32572 --- [taskmanager] [main] o.f.c.i.resource.ResourceNameValidator   : Validating V1__create_tables.sql
2026-10-05T15:52:31.101+03:00  INFO 32572 --- [taskmanager] [main] org.flywaydb.core.FlywayExecutor         : Database: jdbc:h2:mem:taskdb (H2 2.4)
2026-10-05T15:52:31.101+03:00 DEBUG 32572 --- [taskmanager] [main] org.flywaydb.core.FlywayExecutor         : Database Type: H2
2026-10-05T15:52:31.101+03:00 DEBUG 32572 --- [taskmanager] [main] org.flywaydb.core.FlywayExecutor         : Driver: H2 JDBC Driver 2.4.240 (2025-09-22)
2026-10-05T15:52:31.101+03:00 DEBUG 32572 --- [taskmanager] [main] org.flywaydb.core.FlywayExecutor         : DDL Transactions Supported: false
2026-10-05T15:52:31.102+03:00 DEBUG 32572 --- [taskmanager] [main] o.f.c.i.s.SchemaHistoryFactory           : Schemas: 
2026-10-05T15:52:31.103+03:00 DEBUG 32572 --- [taskmanager] [main] o.f.c.i.s.SchemaHistoryFactory           : Default schema: null
2026-10-05T15:52:31.106+03:00  WARN 32572 --- [taskmanager] [main] o.f.c.internal.database.base.Database    : Flyway upgrade recommended: H2 2.4.240 is newer than this version of Flyway and support has not been tested. The latest supported version of H2 is 2.3.232.
2026-10-05T15:52:31.107+03:00 DEBUG 32572 --- [taskmanager] [main] org.flywaydb.core.FlywayExecutor         : Scanning for script callbacks ...
2026-10-05T15:52:31.108+03:00 DEBUG 32572 --- [taskmanager] [main] o.f.c.i.c.SqlScriptCallbackFactory       : Scanning for SQL callbacks ...
2026-10-05T15:52:31.115+03:00 DEBUG 32572 --- [taskmanager] [main] o.f.core.internal.command.DbValidate     : Validating migrations ...
2026-10-05T15:52:31.117+03:00 DEBUG 32572 --- [taskmanager] [main] o.f.c.a.c.ClassicConfiguration           : CherryPickConfigurationExtension not found
2026-10-05T15:52:31.123+03:00 DEBUG 32572 --- [taskmanager] [main] o.f.core.internal.scanner.Scanner        : Filtering out resource: db/migration/V2__add_created_at_to_tasks.sql (filename: V2__add_created_at_to_tasks.sql)
2026-10-05T15:52:31.124+03:00 DEBUG 32572 --- [taskmanager] [main] o.f.core.internal.scanner.Scanner        : Filtering out resource: db/migration/V3__create_refresh_tokens.sql (filename: V3__create_refresh_tokens.sql)
2026-10-05T15:52:31.124+03:00 DEBUG 32572 --- [taskmanager] [main] o.f.core.internal.scanner.Scanner        : Filtering out resource: db/migration/V1__create_tables.sql (filename: V1__create_tables.sql)
2026-10-05T15:52:31.124+03:00 DEBUG 32572 --- [taskmanager] [main] o.f.core.internal.scanner.Scanner        : Filtering out resource: db/migration/V2__add_created_at_to_tasks.sql (filename: V2__add_created_at_to_tasks.sql)
2026-10-05T15:52:31.124+03:00 DEBUG 32572 --- [taskmanager] [main] o.f.core.internal.scanner.Scanner        : Filtering out resource: db/migration/V3__create_refresh_tokens.sql (filename: V3__create_refresh_tokens.sql)
2026-10-05T15:52:31.124+03:00 DEBUG 32572 --- [taskmanager] [main] o.f.core.internal.scanner.Scanner        : Filtering out resource: db/migration/V1__create_tables.sql (filename: V1__create_tables.sql)
2026-10-05T15:52:31.125+03:00 DEBUG 32572 --- [taskmanager] [main] o.f.core.internal.scanner.Scanner        : Filtering out resource: db/migration/V2__add_created_at_to_tasks.sql (filename: V2__add_created_at_to_tasks.sql)
2026-10-05T15:52:31.125+03:00 DEBUG 32572 --- [taskmanager] [main] o.f.core.internal.scanner.Scanner        : Filtering out resource: db/migration/V3__create_refresh_tokens.sql (filename: V3__create_refresh_tokens.sql)
2026-10-05T15:52:31.126+03:00 DEBUG 32572 --- [taskmanager] [main] o.f.core.internal.scanner.Scanner        : Filtering out resource: db/migration/V1__create_tables.sql (filename: V1__create_tables.sql)
2026-10-05T15:52:31.126+03:00 DEBUG 32572 --- [taskmanager] [main] o.f.core.internal.scanner.Scanner        : Filtering out resource: db/migration/V2__add_created_at_to_tasks.sql (filename: V2__add_created_at_to_tasks.sql)
2026-10-05T15:52:31.126+03:00 DEBUG 32572 --- [taskmanager] [main] o.f.core.internal.scanner.Scanner        : Filtering out resource: db/migration/V3__create_refresh_tokens.sql (filename: V3__create_refresh_tokens.sql)
2026-10-05T15:52:31.126+03:00 DEBUG 32572 --- [taskmanager] [main] o.f.core.internal.scanner.Scanner        : Filtering out resource: db/migration/V1__create_tables.sql (filename: V1__create_tables.sql)
2026-10-05T15:52:31.127+03:00  INFO 32572 --- [taskmanager] [main] o.f.c.i.s.JdbcTableSchemaHistory         : Schema history table "PUBLIC"."flyway_schema_history" does not exist yet
2026-10-05T15:52:31.129+03:00  INFO 32572 --- [taskmanager] [main] o.f.core.internal.command.DbValidate     : Successfully validated 3 migrations (execution time 00:00.014s)
2026-10-05T15:52:31.131+03:00 DEBUG 32572 --- [taskmanager] [main] o.f.core.internal.command.DbSchemas      : Skipping creation of existing schema: "PUBLIC"
2026-10-05T15:52:31.134+03:00  INFO 32572 --- [taskmanager] [main] o.f.c.i.s.JdbcTableSchemaHistory         : Creating Schema History table "PUBLIC"."flyway_schema_history" ...
2026-10-05T15:52:31.137+03:00 DEBUG 32572 --- [taskmanager] [main] o.flywaydb.core.internal.parser.Parser   : Parsing  ...
2026-10-05T15:52:31.143+03:00 DEBUG 32572 --- [taskmanager] [main] o.f.c.i.sqlscript.ParserSqlScript        : Found statement at line 1: CREATE TABLE IF NOT EXISTS "PUBLIC"."flyway_schema_history" (
    "installed_rank" INT NOT NULL,
    "version" VARCHAR(50),
    "description" VARCHAR(200) NOT NULL,
    "type" VARCHAR(20) NOT NULL,
    "script" VARCHAR(1000) NOT NULL,
    "checksum" INT,
    "installed_by" VARCHAR(100) NOT NULL,
    "installed_on" TIMESTAMP NOT NULL DEFAULT CURRENT_TIMESTAMP,
    "execution_time" INT NOT NULL,
    "success" BOOLEAN NOT NULL,
    CONSTRAINT "flyway_schema_history_pk" PRIMARY KEY ("installed_rank")
) AS SELECT -1, NULL, '<< Flyway Schema History table created >>', 'TABLE', '', NULL, 'SA', CURRENT_TIMESTAMP, 0, TRUE
2026-10-05T15:52:31.143+03:00 DEBUG 32572 --- [taskmanager] [main] o.f.c.i.sqlscript.ParserSqlScript        : Found statement at line 14: CREATE INDEX "PUBLIC"."flyway_schema_history_s_idx" ON "PUBLIC"."flyway_schema_history" ("success")
2026-10-05T15:52:31.143+03:00 DEBUG 32572 --- [taskmanager] [main] o.f.c.i.s.DefaultSqlScriptExecutor       : Executing SQL: CREATE TABLE IF NOT EXISTS "PUBLIC"."flyway_schema_history" (
    "installed_rank" INT NOT NULL,
    "version" VARCHAR(50),
    "description" VARCHAR(200) NOT NULL,
    "type" VARCHAR(20) NOT NULL,
    "script" VARCHAR(1000) NOT NULL,
    "checksum" INT,
    "installed_by" VARCHAR(100) NOT NULL,
    "installed_on" TIMESTAMP NOT NULL DEFAULT CURRENT_TIMESTAMP,
    "execution_time" INT NOT NULL,
    "success" BOOLEAN NOT NULL,
    CONSTRAINT "flyway_schema_history_pk" PRIMARY KEY ("installed_rank")
) AS SELECT -1, NULL, '<< Flyway Schema History table created >>', 'TABLE', '', NULL, 'SA', CURRENT_TIMESTAMP, 0, TRUE
2026-10-05T15:52:31.149+03:00 DEBUG 32572 --- [taskmanager] [main] o.f.c.i.s.DefaultSqlScriptExecutor       : 0 rows affected
2026-10-05T15:52:31.149+03:00 DEBUG 32572 --- [taskmanager] [main] o.f.c.i.s.DefaultSqlScriptExecutor       : Executing SQL: CREATE INDEX "PUBLIC"."flyway_schema_history_s_idx" ON "PUBLIC"."flyway_schema_history" ("success")
2026-10-05T15:52:31.150+03:00 DEBUG 32572 --- [taskmanager] [main] o.f.c.i.s.DefaultSqlScriptExecutor       : 0 rows affected
2026-10-05T15:52:31.150+03:00 DEBUG 32572 --- [taskmanager] [main] o.f.c.i.s.JdbcTableSchemaHistory         : Created Schema History table "PUBLIC"."flyway_schema_history"
2026-10-05T15:52:31.155+03:00 DEBUG 32572 --- [taskmanager] [main] o.f.c.a.c.ClassicConfiguration           : CherryPickConfigurationExtension not found
2026-10-05T15:52:31.160+03:00  INFO 32572 --- [taskmanager] [main] o.f.core.internal.command.DbMigrate      : Current version of schema "PUBLIC": << Empty Schema >>
2026-10-05T15:52:31.161+03:00 DEBUG 32572 --- [taskmanager] [main] o.flywaydb.core.internal.parser.Parser   : Parsing V1__create_tables.sql ...
2026-10-05T15:52:31.163+03:00 DEBUG 32572 --- [taskmanager] [main] o.f.c.i.sqlscript.ParserSqlScript        : Found statement at line 1: CREATE TABLE users (
                       id BIGINT GENERATED BY DEFAULT AS IDENTITY PRIMARY KEY,
                       email VARCHAR(255) NOT NULL UNIQUE,
                       password VARCHAR(255) NOT NULL,
                       role VARCHAR(50) NOT NULL
)
2026-10-05T15:52:31.163+03:00 DEBUG 32572 --- [taskmanager] [main] o.f.c.i.sqlscript.ParserSqlScript        : Found statement at line 8: CREATE TABLE tasks (
                       id BIGINT GENERATED BY DEFAULT AS IDENTITY PRIMARY KEY,
                       title VARCHAR(255) NOT NULL,
                       description VARCHAR(255),
                       priority VARCHAR(50) NOT NULL,
                       status VARCHAR(50) NOT NULL DEFAULT 'NEW',
                       owner_id BIGINT,
                       CONSTRAINT fk_tasks_owner FOREIGN KEY (owner_id) REFERENCES users(id)
)
2026-10-05T15:52:31.164+03:00 DEBUG 32572 --- [taskmanager] [main] o.f.c.i.sqlscript.ParserSqlScript        : Found statement at line 18: CREATE TABLE audit_logs (
                            id BIGINT GENERATED BY DEFAULT AS IDENTITY PRIMARY KEY,
                            action VARCHAR(255) NOT NULL,
                            task_id BIGINT,
                            created_at TIMESTAMP NOT NULL
)
2026-10-05T15:52:31.165+03:00 DEBUG 32572 --- [taskmanager] [main] o.f.c.i.sqlscript.ParserSqlScript        : Found statement at line 25: INSERT INTO tasks (title, description, priority, status)
VALUES ('Изучить Flyway', 'Первая миграция', 'HIGH', 'NEW'),
       ('Написать тесты', 'Потом', 'MEDIUM', 'NEW')
2026-10-05T15:52:31.166+03:00 DEBUG 32572 --- [taskmanager] [main] o.f.core.internal.command.DbMigrate      : Starting migration of schema "PUBLIC" to version "1 - create tables" ...
2026-10-05T15:52:31.167+03:00  INFO 32572 --- [taskmanager] [main] o.f.core.internal.command.DbMigrate      : Migrating schema "PUBLIC" to version "1 - create tables"
2026-10-05T15:52:31.168+03:00 DEBUG 32572 --- [taskmanager] [main] o.f.c.i.s.DefaultSqlScriptExecutor       : Executing SQL: CREATE TABLE users (
                       id BIGINT GENERATED BY DEFAULT AS IDENTITY PRIMARY KEY,
                       email VARCHAR(255) NOT NULL UNIQUE,
                       password VARCHAR(255) NOT NULL,
                       role VARCHAR(50) NOT NULL
)
2026-10-05T15:52:31.173+03:00 DEBUG 32572 --- [taskmanager] [main] o.f.c.i.s.DefaultSqlScriptExecutor       : 0 rows affected
2026-10-05T15:52:31.173+03:00 DEBUG 32572 --- [taskmanager] [main] o.f.c.i.s.DefaultSqlScriptExecutor       : Executing SQL: CREATE TABLE tasks (
                       id BIGINT GENERATED BY DEFAULT AS IDENTITY PRIMARY KEY,
                       title VARCHAR(255) NOT NULL,
                       description VARCHAR(255),
                       priority VARCHAR(50) NOT NULL,
                       status VARCHAR(50) NOT NULL DEFAULT 'NEW',
                       owner_id BIGINT,
                       CONSTRAINT fk_tasks_owner FOREIGN KEY (owner_id) REFERENCES users(id)
)
2026-10-05T15:52:31.176+03:00 DEBUG 32572 --- [taskmanager] [main] o.f.c.i.s.DefaultSqlScriptExecutor       : 0 rows affected
2026-10-05T15:52:31.177+03:00 DEBUG 32572 --- [taskmanager] [main] o.f.c.i.s.DefaultSqlScriptExecutor       : Executing SQL: CREATE TABLE audit_logs (
                            id BIGINT GENERATED BY DEFAULT AS IDENTITY PRIMARY KEY,
                            action VARCHAR(255) NOT NULL,
                            task_id BIGINT,
                            created_at TIMESTAMP NOT NULL
)
2026-10-05T15:52:31.177+03:00 DEBUG 32572 --- [taskmanager] [main] o.f.c.i.s.DefaultSqlScriptExecutor       : 0 rows affected
2026-10-05T15:52:31.177+03:00 DEBUG 32572 --- [taskmanager] [main] o.f.c.i.s.DefaultSqlScriptExecutor       : Executing SQL: INSERT INTO tasks (title, description, priority, status)
VALUES ('Изучить Flyway', 'Первая миграция', 'HIGH', 'NEW'),
       ('Написать тесты', 'Потом', 'MEDIUM', 'NEW')
2026-10-05T15:52:31.178+03:00 DEBUG 32572 --- [taskmanager] [main] o.f.c.i.s.DefaultSqlScriptExecutor       : 2 rows affected
2026-10-05T15:52:31.178+03:00 DEBUG 32572 --- [taskmanager] [main] o.f.core.internal.command.DbMigrate      : Successfully completed migration of schema "PUBLIC" to version "1 - create tables"
2026-10-05T15:52:31.180+03:00 DEBUG 32572 --- [taskmanager] [main] o.f.c.i.s.JdbcTableSchemaHistory         : Schema History table "PUBLIC"."flyway_schema_history" successfully updated to reflect changes
2026-10-05T15:52:31.181+03:00 DEBUG 32572 --- [taskmanager] [main] o.f.c.a.c.ClassicConfiguration           : CherryPickConfigurationExtension not found
2026-10-05T15:52:31.183+03:00 DEBUG 32572 --- [taskmanager] [main] o.flywaydb.core.internal.parser.Parser   : Parsing V2__add_created_at_to_tasks.sql ...
2026-10-05T15:52:31.184+03:00 DEBUG 32572 --- [taskmanager] [main] o.f.c.i.sqlscript.ParserSqlScript        : Found statement at line 1: ALTER TABLE tasks ADD COLUMN created_at TIMESTAMP DEFAULT NOW()
2026-10-05T15:52:31.185+03:00 DEBUG 32572 --- [taskmanager] [main] o.f.core.internal.command.DbMigrate      : Starting migration of schema "PUBLIC" to version "2 - add created at to tasks" ...
2026-10-05T15:52:31.185+03:00  INFO 32572 --- [taskmanager] [main] o.f.core.internal.command.DbMigrate      : Migrating schema "PUBLIC" to version "2 - add created at to tasks"
2026-10-05T15:52:31.185+03:00 DEBUG 32572 --- [taskmanager] [main] o.f.c.i.s.DefaultSqlScriptExecutor       : Executing SQL: ALTER TABLE tasks ADD COLUMN created_at TIMESTAMP DEFAULT NOW()
2026-10-05T15:52:31.190+03:00 DEBUG 32572 --- [taskmanager] [main] o.f.c.i.s.DefaultSqlScriptExecutor       : 0 rows affected
2026-10-05T15:52:31.190+03:00 DEBUG 32572 --- [taskmanager] [main] o.f.core.internal.command.DbMigrate      : Successfully completed migration of schema "PUBLIC" to version "2 - add created at to tasks"
2026-10-05T15:52:31.191+03:00 DEBUG 32572 --- [taskmanager] [main] o.f.c.i.s.JdbcTableSchemaHistory         : Schema History table "PUBLIC"."flyway_schema_history" successfully updated to reflect changes
2026-10-05T15:52:31.192+03:00 DEBUG 32572 --- [taskmanager] [main] o.f.c.a.c.ClassicConfiguration           : CherryPickConfigurationExtension not found
2026-10-05T15:52:31.193+03:00 DEBUG 32572 --- [taskmanager] [main] o.flywaydb.core.internal.parser.Parser   : Parsing V3__create_refresh_tokens.sql ...
2026-10-05T15:52:31.194+03:00 DEBUG 32572 --- [taskmanager] [main] o.f.c.i.sqlscript.ParserSqlScript        : Found statement at line 1: CREATE TABLE refresh_tokens (
                                id BIGINT GENERATED BY DEFAULT AS IDENTITY PRIMARY KEY,
                                token VARCHAR(255) NOT NULL UNIQUE,
                                user_id BIGINT,
                                expires_at TIMESTAMP NOT NULL,
                                CONSTRAINT fk_refresh_user FOREIGN KEY (user_id) REFERENCES users(id)
)
2026-10-05T15:52:31.194+03:00 DEBUG 32572 --- [taskmanager] [main] o.f.core.internal.command.DbMigrate      : Starting migration of schema "PUBLIC" to version "3 - create refresh tokens" ...
2026-10-05T15:52:31.194+03:00  INFO 32572 --- [taskmanager] [main] o.f.core.internal.command.DbMigrate      : Migrating schema "PUBLIC" to version "3 - create refresh tokens"
2026-10-05T15:52:31.194+03:00 DEBUG 32572 --- [taskmanager] [main] o.f.c.i.s.DefaultSqlScriptExecutor       : Executing SQL: CREATE TABLE refresh_tokens (
                                id BIGINT GENERATED BY DEFAULT AS IDENTITY PRIMARY KEY,
                                token VARCHAR(255) NOT NULL UNIQUE,
                                user_id BIGINT,
                                expires_at TIMESTAMP NOT NULL,
                                CONSTRAINT fk_refresh_user FOREIGN KEY (user_id) REFERENCES users(id)
)
2026-10-05T15:52:31.196+03:00 DEBUG 32572 --- [taskmanager] [main] o.f.c.i.s.DefaultSqlScriptExecutor       : 0 rows affected
2026-10-05T15:52:31.196+03:00 DEBUG 32572 --- [taskmanager] [main] o.f.core.internal.command.DbMigrate      : Successfully completed migration of schema "PUBLIC" to version "3 - create refresh tokens"
2026-10-05T15:52:31.197+03:00 DEBUG 32572 --- [taskmanager] [main] o.f.c.i.s.JdbcTableSchemaHistory         : Schema History table "PUBLIC"."flyway_schema_history" successfully updated to reflect changes
2026-10-05T15:52:31.197+03:00 DEBUG 32572 --- [taskmanager] [main] o.f.c.a.c.ClassicConfiguration           : CherryPickConfigurationExtension not found
2026-10-05T15:52:31.200+03:00  INFO 32572 --- [taskmanager] [main] o.f.core.internal.command.DbMigrate      : Successfully applied 3 migrations to schema "PUBLIC", now at version v3 (execution time 00:00.019s)
2026-10-05T15:52:31.204+03:00 DEBUG 32572 --- [taskmanager] [main] org.flywaydb.core.FlywayExecutor         : Memory usage: 79 of 284M
2026-10-05T15:52:31.271+03:00  INFO 32572 --- [taskmanager] [main] org.hibernate.orm.jpa                    : HHH008540: Processing PersistenceUnitInfo [name: default]
2026-10-05T15:52:31.324+03:00  INFO 32572 --- [taskmanager] [main] org.hibernate.orm.core                   : HHH000001: Hibernate ORM core version 7.4.5.Final
2026-10-05T15:52:31.725+03:00  INFO 32572 --- [taskmanager] [main] o.s.o.j.p.SpringPersistenceUnitInfo      : No LoadTimeWeaver setup: ignoring JPA class transformer
2026-10-05T15:52:31.787+03:00  INFO 32572 --- [taskmanager] [main] org.hibernate.orm.connections.pooling    : HHH10001005: Database info:
	Database JDBC URL [jdbc:h2:mem:taskdb]
	Database driver: H2 JDBC Driver
	Database dialect: H2Dialect
	Database version: 2.4.240
	Default catalog/schema: TASKDB/PUBLIC
	Autocommit mode: undefined/unknown
	Isolation level: READ_COMMITTED [default READ_COMMITTED]
	JDBC fetch size: 100
	Pool: DataSourceConnectionProvider
	Minimum pool size: undefined/unknown
	Maximum pool size: undefined/unknown
2026-10-05T15:52:32.572+03:00  INFO 32572 --- [taskmanager] [main] org.hibernate.orm.core                   : HHH000489: No JTA platform available (set 'hibernate.transaction.jta.platform' to enable JTA platform integration)
2026-10-05T15:52:32.580+03:00  INFO 32572 --- [taskmanager] [main] j.LocalContainerEntityManagerFactoryBean : Initialized JPA EntityManagerFactory for persistence unit 'default'
2026-10-05T15:52:32.643+03:00  INFO 32572 --- [taskmanager] [main] o.s.d.j.r.query.QueryEnhancerFactories   : Hibernate is in classpath; If applicable, HQL parser will be used.
2026-10-05T15:52:32.850+03:00  INFO 32572 --- [taskmanager] [main] r$InitializeUserDetailsManagerConfigurer : Global AuthenticationManager configured with UserDetailsService bean with name userDetailsServiceImpl
2026-10-05T15:52:33.202+03:00 TRACE 32572 --- [taskmanager] [main] t.a.AnnotationTransactionAttributeSource : Adding transactional method 'com.example.taskmanager.service.RefreshTokenService.create' with attribute: PROPAGATION_REQUIRED,ISOLATION_DEFAULT
2026-10-05T15:52:33.210+03:00 TRACE 32572 --- [taskmanager] [main] t.a.AnnotationTransactionAttributeSource : Adding transactional method 'com.example.taskmanager.service.RefreshTokenService.verify' with attribute: PROPAGATION_REQUIRED,ISOLATION_DEFAULT
2026-10-05T15:52:33.211+03:00 TRACE 32572 --- [taskmanager] [main] t.a.AnnotationTransactionAttributeSource : Adding transactional method 'com.example.taskmanager.service.RefreshTokenService.deleteByUserId' with attribute: PROPAGATION_REQUIRED,ISOLATION_DEFAULT
2026-10-05T15:52:33.218+03:00 TRACE 32572 --- [taskmanager] [main] t.a.AnnotationTransactionAttributeSource : Adding transactional method 'com.example.taskmanager.service.AuthService.register' with attribute: PROPAGATION_REQUIRED,ISOLATION_DEFAULT
2026-10-05T15:52:33.218+03:00 TRACE 32572 --- [taskmanager] [main] t.a.AnnotationTransactionAttributeSource : Adding transactional method 'com.example.taskmanager.service.AuthService.refresh' with attribute: PROPAGATION_REQUIRED,ISOLATION_DEFAULT
2026-10-05T15:52:33.218+03:00 TRACE 32572 --- [taskmanager] [main] t.a.AnnotationTransactionAttributeSource : Adding transactional method 'com.example.taskmanager.service.AuthService.logout' with attribute: PROPAGATION_REQUIRED,ISOLATION_DEFAULT
2026-10-05T15:52:33.219+03:00 TRACE 32572 --- [taskmanager] [main] t.a.AnnotationTransactionAttributeSource : Adding transactional method 'com.example.taskmanager.service.AuthService.login' with attribute: PROPAGATION_REQUIRED,ISOLATION_DEFAULT
2026-10-05T15:52:33.582+03:00 TRACE 32572 --- [taskmanager] [main] t.a.AnnotationTransactionAttributeSource : Adding transactional method 'com.example.taskmanager.service.AuditService.logAction' with attribute: PROPAGATION_REQUIRES_NEW,ISOLATION_DEFAULT
2026-10-05T15:52:33.585+03:00 TRACE 32572 --- [taskmanager] [main] t.a.AnnotationTransactionAttributeSource : Adding transactional method 'com.example.taskmanager.service.TaskService.update' with attribute: PROPAGATION_REQUIRED,ISOLATION_DEFAULT
2026-10-05T15:52:33.597+03:00 TRACE 32572 --- [taskmanager] [main] t.a.AnnotationTransactionAttributeSource : Adding transactional method 'com.example.taskmanager.service.TaskService.delete' with attribute: PROPAGATION_REQUIRED,ISOLATION_DEFAULT
2026-10-05T15:52:33.598+03:00 TRACE 32572 --- [taskmanager] [main] t.a.AnnotationTransactionAttributeSource : Adding transactional method 'com.example.taskmanager.service.TaskService.create' with attribute: PROPAGATION_REQUIRED,ISOLATION_DEFAULT
2026-10-05T15:52:33.598+03:00 TRACE 32572 --- [taskmanager] [main] t.a.AnnotationTransactionAttributeSource : Adding transactional method 'com.example.taskmanager.service.TaskService.search' with attribute: PROPAGATION_REQUIRED,ISOLATION_DEFAULT,readOnly
2026-10-05T15:52:33.598+03:00 TRACE 32572 --- [taskmanager] [main] t.a.AnnotationTransactionAttributeSource : Adding transactional method 'com.example.taskmanager.service.TaskService.getAll' with attribute: PROPAGATION_REQUIRED,ISOLATION_DEFAULT,readOnly
2026-10-05T15:52:33.598+03:00 TRACE 32572 --- [taskmanager] [main] t.a.AnnotationTransactionAttributeSource : Adding transactional method 'com.example.taskmanager.service.TaskService.updateStatus' with attribute: PROPAGATION_REQUIRED,ISOLATION_DEFAULT
2026-10-05T15:52:33.598+03:00 TRACE 32572 --- [taskmanager] [main] t.a.AnnotationTransactionAttributeSource : Adding transactional method 'com.example.taskmanager.service.TaskService.getById' with attribute: PROPAGATION_REQUIRED,ISOLATION_DEFAULT,readOnly
2026-10-05T15:52:33.598+03:00 TRACE 32572 --- [taskmanager] [main] t.a.AnnotationTransactionAttributeSource : Adding transactional method 'com.example.taskmanager.service.TaskService.getStats' with attribute: PROPAGATION_REQUIRED,ISOLATION_DEFAULT,readOnly
2026-10-05T15:52:33.598+03:00 TRACE 32572 --- [taskmanager] [main] t.a.AnnotationTransactionAttributeSource : Adding transactional method 'com.example.taskmanager.service.TaskService.getMy' with attribute: PROPAGATION_REQUIRED,ISOLATION_DEFAULT,readOnly
2026-10-05T15:52:33.714+03:00  WARN 32572 --- [taskmanager] [main] JpaBaseConfiguration$JpaWebConfiguration : spring.jpa.open-in-view is enabled by default. Therefore, database queries may be performed during view rendering. Explicitly configure spring.jpa.open-in-view to disable this warning
2026-10-05T15:52:33.916+03:00 DEBUG 32572 --- [taskmanager] [main] o.s.s.web.DefaultSecurityFilterChain     : Will secure any request with filters: DisableEncodeUrlFilter, WebAsyncManagerIntegrationFilter, SecurityContextHolderFilter, HeaderWriterFilter, LogoutFilter, JwtAuthFilter, UsernamePasswordAuthenticationFilter, RequestCacheAwareFilter, SecurityContextHolderAwareRequestFilter, AnonymousAuthenticationFilter, SessionManagementFilter, ExceptionTranslationFilter, AuthorizationFilter
2026-10-05T15:52:34.344+03:00  INFO 32572 --- [taskmanager] [main] o.s.b.h.a.H2ConsoleAutoConfiguration     : H2 console available at '/h2-console'. Database available at 'jdbc:h2:mem:taskdb'
2026-10-05T15:52:34.411+03:00  INFO 32572 --- [taskmanager] [main] o.s.boot.tomcat.TomcatWebServer          : Tomcat started on port 8080 (http) with context path '/'
2026-10-05T15:52:34.417+03:00  INFO 32572 --- [taskmanager] [main] c.e.taskmanager.TaskmanagerApplication   : Started TaskmanagerApplication in 5.277 seconds (process running for 5.741)
2026-10-05T15:52:34.421+03:00 TRACE 32572 --- [taskmanager] [main] o.s.t.i.TransactionInterceptor           : No need to create transaction for [org.springframework.data.jpa.repository.support.SimpleJpaRepository.findByEmail]: This method is not transactional.
2026-10-05T15:52:34.603+03:00 TRACE 32572 --- [taskmanager] [main] o.s.t.i.TransactionInterceptor           : Getting transaction for [org.springframework.data.jpa.repository.support.SimpleJpaRepository.save]
2026-10-05T15:52:34.632+03:00 TRACE 32572 --- [taskmanager] [main] o.s.t.i.TransactionInterceptor           : Completing transaction for [org.springframework.data.jpa.repository.support.SimpleJpaRepository.save]
2026-10-05T15:52:34.637+03:00 TRACE 32572 --- [taskmanager] [main] o.s.t.i.TransactionInterceptor           : No need to create transaction for [org.springframework.data.jpa.repository.support.SimpleJpaRepository.findByEmail]: This method is not transactional.
2026-10-05T15:52:34.700+03:00 TRACE 32572 --- [taskmanager] [main] o.s.t.i.TransactionInterceptor           : Getting transaction for [org.springframework.data.jpa.repository.support.SimpleJpaRepository.save]
2026-10-05T15:52:34.701+03:00 TRACE 32572 --- [taskmanager] [main] o.s.t.i.TransactionInterceptor           : Completing transaction for [org.springframework.data.jpa.repository.support.SimpleJpaRepository.save]
2026-10-05T15:52:34.703+03:00  WARN 32572 --- [taskmanager] [main] o.s.core.events.SpringDocAppInitializer  : SpringDoc /v3/api-docs endpoint is enabled by default. To disable it in production, set the property 'springdoc.api-docs.enabled=false'
2026-10-05T15:52:34.703+03:00  WARN 32572 --- [taskmanager] [main] o.s.core.events.SpringDocAppInitializer  : SpringDoc /swagger-ui.html endpoint is enabled by default. To disable it in production, set the property 'springdoc.swagger-ui.enabled=false'
2026-10-05T15:52:38.340+03:00  INFO 32572 --- [taskmanager] [http-nio-8080-exec-1] o.a.c.c.C.[Tomcat].[localhost].[/]       : Initializing Spring DispatcherServlet 'dispatcherServlet'
2026-10-05T15:52:38.340+03:00  INFO 32572 --- [taskmanager] [http-nio-8080-exec-1] o.s.web.servlet.DispatcherServlet        : Initializing Servlet 'dispatcherServlet'
2026-10-05T15:52:38.342+03:00  INFO 32572 --- [taskmanager] [http-nio-8080-exec-1] o.s.web.servlet.DispatcherServlet        : Completed initialization in 2 ms
2026-10-05T15:52:38.348+03:00 DEBUG 32572 --- [taskmanager] [http-nio-8080-exec-1] o.s.security.web.FilterChainProxy        : Securing POST /api/auth/register
2026-10-05T15:52:38.355+03:00 DEBUG 32572 --- [taskmanager] [http-nio-8080-exec-1] o.s.s.w.a.AnonymousAuthenticationFilter  : Set SecurityContextHolder to anonymous SecurityContext
2026-10-05T15:52:38.356+03:00 DEBUG 32572 --- [taskmanager] [http-nio-8080-exec-1] o.s.security.web.FilterChainProxy        : Secured POST /api/auth/register
2026-10-05T15:52:38.418+03:00 TRACE 32572 --- [taskmanager] [http-nio-8080-exec-1] o.s.t.i.TransactionInterceptor           : Getting transaction for [com.example.taskmanager.service.AuthService.register]
2026-10-05T15:52:38.418+03:00 TRACE 32572 --- [taskmanager] [http-nio-8080-exec-1] o.s.t.i.TransactionInterceptor           : No need to create transaction for [org.springframework.data.jpa.repository.support.SimpleJpaRepository.findByEmail]: This method is not transactional.
2026-10-05T15:52:38.479+03:00 TRACE 32572 --- [taskmanager] [http-nio-8080-exec-1] o.s.t.i.TransactionInterceptor           : Getting transaction for [org.springframework.data.jpa.repository.support.SimpleJpaRepository.save]
2026-10-05T15:52:38.481+03:00 TRACE 32572 --- [taskmanager] [http-nio-8080-exec-1] o.s.t.i.TransactionInterceptor           : Completing transaction for [org.springframework.data.jpa.repository.support.SimpleJpaRepository.save]
2026-10-05T15:52:38.549+03:00 TRACE 32572 --- [taskmanager] [http-nio-8080-exec-1] o.s.t.i.TransactionInterceptor           : Getting transaction for [com.example.taskmanager.service.RefreshTokenService.create]
2026-10-05T15:52:38.549+03:00 TRACE 32572 --- [taskmanager] [http-nio-8080-exec-1] o.s.t.i.TransactionInterceptor           : Getting transaction for [org.springframework.data.jpa.repository.support.SimpleJpaRepository.save]
2026-10-05T15:52:38.551+03:00 TRACE 32572 --- [taskmanager] [http-nio-8080-exec-1] o.s.t.i.TransactionInterceptor           : Completing transaction for [org.springframework.data.jpa.repository.support.SimpleJpaRepository.save]
2026-10-05T15:52:38.551+03:00 TRACE 32572 --- [taskmanager] [http-nio-8080-exec-1] o.s.t.i.TransactionInterceptor           : Completing transaction for [com.example.taskmanager.service.RefreshTokenService.create]
2026-10-05T15:52:38.551+03:00 TRACE 32572 --- [taskmanager] [http-nio-8080-exec-1] o.s.t.i.TransactionInterceptor           : Completing transaction for [com.example.taskmanager.service.AuthService.register]
2026-10-05T15:52:56.355+03:00 DEBUG 32572 --- [taskmanager] [http-nio-8080-exec-2] o.s.security.web.FilterChainProxy        : Securing GET /api/tasks
2026-10-05T15:52:56.356+03:00 DEBUG 32572 --- [taskmanager] [http-nio-8080-exec-2] o.s.s.w.a.AnonymousAuthenticationFilter  : Set SecurityContextHolder to anonymous SecurityContext
2026-10-05T15:52:56.367+03:00 DEBUG 32572 --- [taskmanager] [http-nio-8080-exec-2] o.s.s.w.s.HttpSessionRequestCache        : Saved request http://localhost:8080/api/tasks?continue to session
2026-10-05T15:53:12.250+03:00 DEBUG 32572 --- [taskmanager] [http-nio-8080-exec-7] o.s.security.web.FilterChainProxy        : Securing GET /api/tasks/search?keyword=Flyway
2026-10-05T15:53:12.274+03:00 TRACE 32572 --- [taskmanager] [http-nio-8080-exec-7] o.s.t.i.TransactionInterceptor           : No need to create transaction for [org.springframework.data.jpa.repository.support.SimpleJpaRepository.findByEmail]: This method is not transactional.
2026-10-05T15:53:12.282+03:00 DEBUG 32572 --- [taskmanager] [http-nio-8080-exec-7] w.c.HttpSessionSecurityContextRepository : Stored SecurityContextImpl [Authentication=UsernamePasswordAuthenticationToken [Principal=com.example.taskmanager.model.User@3d617682, Credentials=[PROTECTED], Authenticated=true, Details=WebAuthenticationDetails [RemoteIpAddress=127.0.0.1, SessionId=null], Granted Authorities=[ROLE_USER]]] to HttpSession [org.apache.catalina.session.StandardSessionFacade@1fb4bacd]
2026-10-05T15:53:12.282+03:00 DEBUG 32572 --- [taskmanager] [http-nio-8080-exec-7] o.s.security.web.FilterChainProxy        : Secured GET /api/tasks/search?keyword=Flyway
2026-10-05T15:53:12.287+03:00 TRACE 32572 --- [taskmanager] [http-nio-8080-exec-7] o.s.t.i.TransactionInterceptor           : Getting transaction for [com.example.taskmanager.service.TaskService.search]
2026-10-05T15:53:12.289+03:00  INFO 32572 --- [taskmanager] [http-nio-8080-exec-7] c.e.taskmanager.aspect.LoggingAspect     : → search called with args: [Flyway]
2026-10-05T15:53:12.289+03:00 TRACE 32572 --- [taskmanager] [http-nio-8080-exec-7] o.s.t.i.TransactionInterceptor           : No need to create transaction for [org.springframework.data.jpa.repository.support.SimpleJpaRepository.searchByKeyword]: This method is not transactional.
2026-10-05T15:53:12.301+03:00  INFO 32572 --- [taskmanager] [http-nio-8080-exec-7] c.e.taskmanager.aspect.LoggingAspect     : ← search finished
2026-10-05T15:53:12.302+03:00  INFO 32572 --- [taskmanager] [http-nio-8080-exec-7] c.e.taskmanager.aspect.LoggingAspect     : ⏱ search completed in 14ms
2026-10-05T15:53:12.302+03:00 TRACE 32572 --- [taskmanager] [http-nio-8080-exec-7] o.s.t.i.TransactionInterceptor           : Completing transaction for [com.example.taskmanager.service.TaskService.search]
2026-10-05T16:23:51.719+03:00  INFO 32572 --- [taskmanager] [SpringApplicationShutdownHook] o.s.boot.tomcat.GracefulShutdown         : Commencing graceful shutdown. Waiting for active requests to complete
2026-10-05T16:23:51.729+03:00  INFO 32572 --- [taskmanager] [tomcat-shutdown] o.s.boot.tomcat.GracefulShutdown         : Graceful shutdown complete
2026-10-05T16:23:51.733+03:00  INFO 32572 --- [taskmanager] [SpringApplicationShutdownHook] j.LocalContainerEntityManagerFactoryBean : Closing JPA EntityManagerFactory for persistence unit 'default'
2026-10-05T16:23:51.735+03:00  INFO 32572 --- [taskmanager] [SpringApplicationShutdownHook] com.zaxxer.hikari.HikariDataSource       : HikariPool-1 - Shutdown initiated...
2026-10-05T16:23:51.736+03:00  INFO 32572 --- [taskmanager] [SpringApplicationShutdownHook] com.zaxxer.hikari.HikariDataSource       : HikariPool-1 - Shutdown completed.
2026-10-05T16:23:57.572+03:00  INFO 25448 --- [taskmanager] [main] c.e.taskmanager.TaskmanagerApplication   : Starting TaskmanagerApplication using Java 21.0.10 with PID 25448 (C:\Users\Виталий\Desktop\taskmanager\target\classes started by Виталий in C:\Users\Виталий\Desktop\taskmanager)
2026-10-05T16:23:57.575+03:00  INFO 25448 --- [taskmanager] [main] c.e.taskmanager.TaskmanagerApplication   : No active profile set, falling back to 1 default profile: "default"
2026-10-05T16:23:58.224+03:00  INFO 25448 --- [taskmanager] [main] .s.d.r.c.RepositoryConfigurationDelegate : Bootstrapping Spring Data JPA repositories in DEFAULT mode.
2026-10-05T16:23:58.269+03:00  INFO 25448 --- [taskmanager] [main] .s.d.r.c.RepositoryConfigurationDelegate : Finished Spring Data repository scanning in 37 ms. Found 4 JPA repository interfaces.
2026-10-05T16:23:58.791+03:00  INFO 25448 --- [taskmanager] [main] o.s.boot.tomcat.TomcatWebServer          : Tomcat initialized with port 8080 (http)
2026-10-05T16:23:58.803+03:00  INFO 25448 --- [taskmanager] [main] o.apache.catalina.core.StandardService   : Starting service [Tomcat]
2026-10-05T16:23:58.804+03:00  INFO 25448 --- [taskmanager] [main] o.apache.catalina.core.StandardEngine    : Starting Servlet engine: [Apache Tomcat/11.0.24]
2026-10-05T16:23:58.849+03:00  INFO 25448 --- [taskmanager] [main] b.w.c.s.WebApplicationContextInitializer : Root WebApplicationContext: initialization completed in 1241 ms
2026-10-05T16:23:59.038+03:00 DEBUG 25448 --- [taskmanager] [main] o.f.c.i.s.classpath.ClassPathScanner     : Scanning for classpath resources at 'classpath:db/callback' ...
2026-10-05T16:23:59.039+03:00 DEBUG 25448 --- [taskmanager] [main] o.f.c.i.s.classpath.ClassPathScanner     : Determining location urls for classpath:db/callback using ClassLoader TomcatEmbeddedWebappClassLoader
  context: ROOT
  delegate: true
----------> Parent Classloader:
jdk.internal.loader.ClassLoaders$AppClassLoader@3fee733d
 ...
2026-10-05T16:23:59.039+03:00 DEBUG 25448 --- [taskmanager] [main] o.f.c.i.s.classpath.ClassPathScanner     : Unable to resolve location classpath:db/callback.
2026-10-05T16:23:59.039+03:00 DEBUG 25448 --- [taskmanager] [main] o.f.c.i.s.classpath.ClassPathScanner     : Scanning for classpath resources at 'classpath:db/migration' ...
2026-10-05T16:23:59.039+03:00 DEBUG 25448 --- [taskmanager] [main] o.f.c.i.s.classpath.ClassPathScanner     : Determining location urls for classpath:db/migration using ClassLoader TomcatEmbeddedWebappClassLoader
  context: ROOT
  delegate: true
----------> Parent Classloader:
jdk.internal.loader.ClassLoaders$AppClassLoader@3fee733d
 ...
2026-10-05T16:23:59.039+03:00 DEBUG 25448 --- [taskmanager] [main] o.f.c.i.s.classpath.ClassPathScanner     : Scanning URL: file:/C:/Users/%d0%92%d0%b8%d1%82%d0%b0%d0%bb%d0%b8%d0%b9/Desktop/taskmanager/target/classes/db/migration
2026-10-05T16:23:59.040+03:00 DEBUG 25448 --- [taskmanager] [main] i.s.c.FileSystemClassPathLocationScanner : Scanning starting at classpath root in filesystem: C:\Users\Виталий\Desktop\taskmanager\target\classes\
2026-10-05T16:23:59.040+03:00 DEBUG 25448 --- [taskmanager] [main] i.s.c.FileSystemClassPathLocationScanner : Scanning for resources in path: C:\Users\Виталий\Desktop\taskmanager\target\classes\db\migration (db/migration)
2026-10-05T16:23:59.042+03:00 DEBUG 25448 --- [taskmanager] [main] o.f.c.i.s.classpath.ClassPathScanner     : Found resource: db/migration/V1__create_tables.sql
2026-10-05T16:23:59.042+03:00 DEBUG 25448 --- [taskmanager] [main] o.f.c.i.s.classpath.ClassPathScanner     : Found resource: db/migration/V2__add_created_at_to_tasks.sql
2026-10-05T16:23:59.042+03:00 DEBUG 25448 --- [taskmanager] [main] o.f.c.i.s.classpath.ClassPathScanner     : Found resource: db/migration/V3__create_refresh_tokens.sql
2026-10-05T16:23:59.042+03:00 DEBUG 25448 --- [taskmanager] [main] o.f.c.i.s.classpath.ClassPathScanner     : Scanning for classes at classpath:db/migration
2026-10-05T16:23:59.044+03:00  INFO 25448 --- [taskmanager] [main] com.zaxxer.hikari.HikariDataSource       : HikariPool-1 - Starting...
2026-10-05T16:23:59.178+03:00  INFO 25448 --- [taskmanager] [main] com.zaxxer.hikari.pool.HikariPool        : HikariPool-1 - Added connection conn0: url=jdbc:h2:mem:taskdb user=SA
2026-10-05T16:23:59.180+03:00  INFO 25448 --- [taskmanager] [main] com.zaxxer.hikari.HikariDataSource       : HikariPool-1 - Start completed.
2026-10-05T16:23:59.190+03:00 DEBUG 25448 --- [taskmanager] [main] o.f.c.i.resource.ResourceNameValidator   : Validating V2__add_created_at_to_tasks.sql
2026-10-05T16:23:59.191+03:00 DEBUG 25448 --- [taskmanager] [main] o.f.c.i.resource.ResourceNameValidator   : Validating V3__create_refresh_tokens.sql
2026-10-05T16:23:59.191+03:00 DEBUG 25448 --- [taskmanager] [main] o.f.c.i.resource.ResourceNameValidator   : Validating V1__create_tables.sql
2026-10-05T16:23:59.214+03:00  INFO 25448 --- [taskmanager] [main] org.flywaydb.core.FlywayExecutor         : Database: jdbc:h2:mem:taskdb (H2 2.4)
2026-10-05T16:23:59.214+03:00 DEBUG 25448 --- [taskmanager] [main] org.flywaydb.core.FlywayExecutor         : Database Type: H2
2026-10-05T16:23:59.214+03:00 DEBUG 25448 --- [taskmanager] [main] org.flywaydb.core.FlywayExecutor         : Driver: H2 JDBC Driver 2.4.240 (2025-09-22)
2026-10-05T16:23:59.214+03:00 DEBUG 25448 --- [taskmanager] [main] org.flywaydb.core.FlywayExecutor         : DDL Transactions Supported: false
2026-10-05T16:23:59.215+03:00 DEBUG 25448 --- [taskmanager] [main] o.f.c.i.s.SchemaHistoryFactory           : Schemas: 
2026-10-05T16:23:59.215+03:00 DEBUG 25448 --- [taskmanager] [main] o.f.c.i.s.SchemaHistoryFactory           : Default schema: null
2026-10-05T16:23:59.218+03:00  WARN 25448 --- [taskmanager] [main] o.f.c.internal.database.base.Database    : Flyway upgrade recommended: H2 2.4.240 is newer than this version of Flyway and support has not been tested. The latest supported version of H2 is 2.3.232.
2026-10-05T16:23:59.219+03:00 DEBUG 25448 --- [taskmanager] [main] org.flywaydb.core.FlywayExecutor         : Scanning for script callbacks ...
2026-10-05T16:23:59.221+03:00 DEBUG 25448 --- [taskmanager] [main] o.f.c.i.c.SqlScriptCallbackFactory       : Scanning for SQL callbacks ...
2026-10-05T16:23:59.228+03:00 DEBUG 25448 --- [taskmanager] [main] o.f.core.internal.command.DbValidate     : Validating migrations ...
2026-10-05T16:23:59.230+03:00 DEBUG 25448 --- [taskmanager] [main] o.f.c.a.c.ClassicConfiguration           : CherryPickConfigurationExtension not found
2026-10-05T16:23:59.237+03:00 DEBUG 25448 --- [taskmanager] [main] o.f.core.internal.scanner.Scanner        : Filtering out resource: db/migration/V2__add_created_at_to_tasks.sql (filename: V2__add_created_at_to_tasks.sql)
2026-10-05T16:23:59.237+03:00 DEBUG 25448 --- [taskmanager] [main] o.f.core.internal.scanner.Scanner        : Filtering out resource: db/migration/V3__create_refresh_tokens.sql (filename: V3__create_refresh_tokens.sql)
2026-10-05T16:23:59.237+03:00 DEBUG 25448 --- [taskmanager] [main] o.f.core.internal.scanner.Scanner        : Filtering out resource: db/migration/V1__create_tables.sql (filename: V1__create_tables.sql)
2026-10-05T16:23:59.237+03:00 DEBUG 25448 --- [taskmanager] [main] o.f.core.internal.scanner.Scanner        : Filtering out resource: db/migration/V2__add_created_at_to_tasks.sql (filename: V2__add_created_at_to_tasks.sql)
2026-10-05T16:23:59.238+03:00 DEBUG 25448 --- [taskmanager] [main] o.f.core.internal.scanner.Scanner        : Filtering out resource: db/migration/V3__create_refresh_tokens.sql (filename: V3__create_refresh_tokens.sql)
2026-10-05T16:23:59.238+03:00 DEBUG 25448 --- [taskmanager] [main] o.f.core.internal.scanner.Scanner        : Filtering out resource: db/migration/V1__create_tables.sql (filename: V1__create_tables.sql)
2026-10-05T16:23:59.239+03:00 DEBUG 25448 --- [taskmanager] [main] o.f.core.internal.scanner.Scanner        : Filtering out resource: db/migration/V2__add_created_at_to_tasks.sql (filename: V2__add_created_at_to_tasks.sql)
2026-10-05T16:23:59.239+03:00 DEBUG 25448 --- [taskmanager] [main] o.f.core.internal.scanner.Scanner        : Filtering out resource: db/migration/V3__create_refresh_tokens.sql (filename: V3__create_refresh_tokens.sql)
2026-10-05T16:23:59.239+03:00 DEBUG 25448 --- [taskmanager] [main] o.f.core.internal.scanner.Scanner        : Filtering out resource: db/migration/V1__create_tables.sql (filename: V1__create_tables.sql)
2026-10-05T16:23:59.239+03:00 DEBUG 25448 --- [taskmanager] [main] o.f.core.internal.scanner.Scanner        : Filtering out resource: db/migration/V2__add_created_at_to_tasks.sql (filename: V2__add_created_at_to_tasks.sql)
2026-10-05T16:23:59.239+03:00 DEBUG 25448 --- [taskmanager] [main] o.f.core.internal.scanner.Scanner        : Filtering out resource: db/migration/V3__create_refresh_tokens.sql (filename: V3__create_refresh_tokens.sql)
2026-10-05T16:23:59.239+03:00 DEBUG 25448 --- [taskmanager] [main] o.f.core.internal.scanner.Scanner        : Filtering out resource: db/migration/V1__create_tables.sql (filename: V1__create_tables.sql)
2026-10-05T16:23:59.241+03:00  INFO 25448 --- [taskmanager] [main] o.f.c.i.s.JdbcTableSchemaHistory         : Schema history table "PUBLIC"."flyway_schema_history" does not exist yet
2026-10-05T16:23:59.243+03:00  INFO 25448 --- [taskmanager] [main] o.f.core.internal.command.DbValidate     : Successfully validated 3 migrations (execution time 00:00.015s)
2026-10-05T16:23:59.245+03:00 DEBUG 25448 --- [taskmanager] [main] o.f.core.internal.command.DbSchemas      : Skipping creation of existing schema: "PUBLIC"
2026-10-05T16:23:59.249+03:00  INFO 25448 --- [taskmanager] [main] o.f.c.i.s.JdbcTableSchemaHistory         : Creating Schema History table "PUBLIC"."flyway_schema_history" ...
2026-10-05T16:23:59.252+03:00 DEBUG 25448 --- [taskmanager] [main] o.flywaydb.core.internal.parser.Parser   : Parsing  ...
2026-10-05T16:23:59.258+03:00 DEBUG 25448 --- [taskmanager] [main] o.f.c.i.sqlscript.ParserSqlScript        : Found statement at line 1: CREATE TABLE IF NOT EXISTS "PUBLIC"."flyway_schema_history" (
    "installed_rank" INT NOT NULL,
    "version" VARCHAR(50),
    "description" VARCHAR(200) NOT NULL,
    "type" VARCHAR(20) NOT NULL,
    "script" VARCHAR(1000) NOT NULL,
    "checksum" INT,
    "installed_by" VARCHAR(100) NOT NULL,
    "installed_on" TIMESTAMP NOT NULL DEFAULT CURRENT_TIMESTAMP,
    "execution_time" INT NOT NULL,
    "success" BOOLEAN NOT NULL,
    CONSTRAINT "flyway_schema_history_pk" PRIMARY KEY ("installed_rank")
) AS SELECT -1, NULL, '<< Flyway Schema History table created >>', 'TABLE', '', NULL, 'SA', CURRENT_TIMESTAMP, 0, TRUE
2026-10-05T16:23:59.258+03:00 DEBUG 25448 --- [taskmanager] [main] o.f.c.i.sqlscript.ParserSqlScript        : Found statement at line 14: CREATE INDEX "PUBLIC"."flyway_schema_history_s_idx" ON "PUBLIC"."flyway_schema_history" ("success")
2026-10-05T16:23:59.259+03:00 DEBUG 25448 --- [taskmanager] [main] o.f.c.i.s.DefaultSqlScriptExecutor       : Executing SQL: CREATE TABLE IF NOT EXISTS "PUBLIC"."flyway_schema_history" (
    "installed_rank" INT NOT NULL,
    "version" VARCHAR(50),
    "description" VARCHAR(200) NOT NULL,
    "type" VARCHAR(20) NOT NULL,
    "script" VARCHAR(1000) NOT NULL,
    "checksum" INT,
    "installed_by" VARCHAR(100) NOT NULL,
    "installed_on" TIMESTAMP NOT NULL DEFAULT CURRENT_TIMESTAMP,
    "execution_time" INT NOT NULL,
    "success" BOOLEAN NOT NULL,
    CONSTRAINT "flyway_schema_history_pk" PRIMARY KEY ("installed_rank")
) AS SELECT -1, NULL, '<< Flyway Schema History table created >>', 'TABLE', '', NULL, 'SA', CURRENT_TIMESTAMP, 0, TRUE
2026-10-05T16:23:59.264+03:00 DEBUG 25448 --- [taskmanager] [main] o.f.c.i.s.DefaultSqlScriptExecutor       : 0 rows affected
2026-10-05T16:23:59.264+03:00 DEBUG 25448 --- [taskmanager] [main] o.f.c.i.s.DefaultSqlScriptExecutor       : Executing SQL: CREATE INDEX "PUBLIC"."flyway_schema_history_s_idx" ON "PUBLIC"."flyway_schema_history" ("success")
2026-10-05T16:23:59.266+03:00 DEBUG 25448 --- [taskmanager] [main] o.f.c.i.s.DefaultSqlScriptExecutor       : 0 rows affected
2026-10-05T16:23:59.266+03:00 DEBUG 25448 --- [taskmanager] [main] o.f.c.i.s.JdbcTableSchemaHistory         : Created Schema History table "PUBLIC"."flyway_schema_history"
2026-10-05T16:23:59.271+03:00 DEBUG 25448 --- [taskmanager] [main] o.f.c.a.c.ClassicConfiguration           : CherryPickConfigurationExtension not found
2026-10-05T16:23:59.276+03:00  INFO 25448 --- [taskmanager] [main] o.f.core.internal.command.DbMigrate      : Current version of schema "PUBLIC": << Empty Schema >>
2026-10-05T16:23:59.277+03:00 DEBUG 25448 --- [taskmanager] [main] o.flywaydb.core.internal.parser.Parser   : Parsing V1__create_tables.sql ...
2026-10-05T16:23:59.279+03:00 DEBUG 25448 --- [taskmanager] [main] o.f.c.i.sqlscript.ParserSqlScript        : Found statement at line 1: CREATE TABLE users (
                       id BIGINT GENERATED BY DEFAULT AS IDENTITY PRIMARY KEY,
                       email VARCHAR(255) NOT NULL UNIQUE,
                       password VARCHAR(255) NOT NULL,
                       role VARCHAR(50) NOT NULL
)
2026-10-05T16:23:59.281+03:00 DEBUG 25448 --- [taskmanager] [main] o.f.c.i.sqlscript.ParserSqlScript        : Found statement at line 8: CREATE TABLE tasks (
                       id BIGINT GENERATED BY DEFAULT AS IDENTITY PRIMARY KEY,
                       title VARCHAR(255) NOT NULL,
                       description VARCHAR(255),
                       priority VARCHAR(50) NOT NULL,
                       status VARCHAR(50) NOT NULL DEFAULT 'NEW',
                       owner_id BIGINT,
                       CONSTRAINT fk_tasks_owner FOREIGN KEY (owner_id) REFERENCES users(id)
)
2026-10-05T16:23:59.283+03:00 DEBUG 25448 --- [taskmanager] [main] o.f.c.i.sqlscript.ParserSqlScript        : Found statement at line 18: CREATE TABLE audit_logs (
                            id BIGINT GENERATED BY DEFAULT AS IDENTITY PRIMARY KEY,
                            action VARCHAR(255) NOT NULL,
                            task_id BIGINT,
                            created_at TIMESTAMP NOT NULL
)
2026-10-05T16:23:59.284+03:00 DEBUG 25448 --- [taskmanager] [main] o.f.c.i.sqlscript.ParserSqlScript        : Found statement at line 25: INSERT INTO tasks (title, description, priority, status)
VALUES ('Изучить Flyway', 'Первая миграция', 'HIGH', 'NEW'),
       ('Написать тесты', 'Потом', 'MEDIUM', 'NEW')
2026-10-05T16:23:59.285+03:00 DEBUG 25448 --- [taskmanager] [main] o.f.core.internal.command.DbMigrate      : Starting migration of schema "PUBLIC" to version "1 - create tables" ...
2026-10-05T16:23:59.286+03:00  INFO 25448 --- [taskmanager] [main] o.f.core.internal.command.DbMigrate      : Migrating schema "PUBLIC" to version "1 - create tables"
2026-10-05T16:23:59.287+03:00 DEBUG 25448 --- [taskmanager] [main] o.f.c.i.s.DefaultSqlScriptExecutor       : Executing SQL: CREATE TABLE users (
                       id BIGINT GENERATED BY DEFAULT AS IDENTITY PRIMARY KEY,
                       email VARCHAR(255) NOT NULL UNIQUE,
                       password VARCHAR(255) NOT NULL,
                       role VARCHAR(50) NOT NULL
)
2026-10-05T16:23:59.292+03:00 DEBUG 25448 --- [taskmanager] [main] o.f.c.i.s.DefaultSqlScriptExecutor       : 0 rows affected
2026-10-05T16:23:59.292+03:00 DEBUG 25448 --- [taskmanager] [main] o.f.c.i.s.DefaultSqlScriptExecutor       : Executing SQL: CREATE TABLE tasks (
                       id BIGINT GENERATED BY DEFAULT AS IDENTITY PRIMARY KEY,
                       title VARCHAR(255) NOT NULL,
                       description VARCHAR(255),
                       priority VARCHAR(50) NOT NULL,
                       status VARCHAR(50) NOT NULL DEFAULT 'NEW',
                       owner_id BIGINT,
                       CONSTRAINT fk_tasks_owner FOREIGN KEY (owner_id) REFERENCES users(id)
)
2026-10-05T16:23:59.295+03:00 DEBUG 25448 --- [taskmanager] [main] o.f.c.i.s.DefaultSqlScriptExecutor       : 0 rows affected
2026-10-05T16:23:59.296+03:00 DEBUG 25448 --- [taskmanager] [main] o.f.c.i.s.DefaultSqlScriptExecutor       : Executing SQL: CREATE TABLE audit_logs (
                            id BIGINT GENERATED BY DEFAULT AS IDENTITY PRIMARY KEY,
                            action VARCHAR(255) NOT NULL,
                            task_id BIGINT,
                            created_at TIMESTAMP NOT NULL
)
2026-10-05T16:23:59.297+03:00 DEBUG 25448 --- [taskmanager] [main] o.f.c.i.s.DefaultSqlScriptExecutor       : 0 rows affected
2026-10-05T16:23:59.297+03:00 DEBUG 25448 --- [taskmanager] [main] o.f.c.i.s.DefaultSqlScriptExecutor       : Executing SQL: INSERT INTO tasks (title, description, priority, status)
VALUES ('Изучить Flyway', 'Первая миграция', 'HIGH', 'NEW'),
       ('Написать тесты', 'Потом', 'MEDIUM', 'NEW')
2026-10-05T16:23:59.297+03:00 DEBUG 25448 --- [taskmanager] [main] o.f.c.i.s.DefaultSqlScriptExecutor       : 2 rows affected
2026-10-05T16:23:59.298+03:00 DEBUG 25448 --- [taskmanager] [main] o.f.core.internal.command.DbMigrate      : Successfully completed migration of schema "PUBLIC" to version "1 - create tables"
2026-10-05T16:23:59.300+03:00 DEBUG 25448 --- [taskmanager] [main] o.f.c.i.s.JdbcTableSchemaHistory         : Schema History table "PUBLIC"."flyway_schema_history" successfully updated to reflect changes
2026-10-05T16:23:59.300+03:00 DEBUG 25448 --- [taskmanager] [main] o.f.c.a.c.ClassicConfiguration           : CherryPickConfigurationExtension not found
2026-10-05T16:23:59.303+03:00 DEBUG 25448 --- [taskmanager] [main] o.flywaydb.core.internal.parser.Parser   : Parsing V2__add_created_at_to_tasks.sql ...
2026-10-05T16:23:59.304+03:00 DEBUG 25448 --- [taskmanager] [main] o.f.c.i.sqlscript.ParserSqlScript        : Found statement at line 1: ALTER TABLE tasks ADD COLUMN created_at TIMESTAMP DEFAULT NOW()
2026-10-05T16:23:59.304+03:00 DEBUG 25448 --- [taskmanager] [main] o.f.core.internal.command.DbMigrate      : Starting migration of schema "PUBLIC" to version "2 - add created at to tasks" ...
2026-10-05T16:23:59.304+03:00  INFO 25448 --- [taskmanager] [main] o.f.core.internal.command.DbMigrate      : Migrating schema "PUBLIC" to version "2 - add created at to tasks"
2026-10-05T16:23:59.304+03:00 DEBUG 25448 --- [taskmanager] [main] o.f.c.i.s.DefaultSqlScriptExecutor       : Executing SQL: ALTER TABLE tasks ADD COLUMN created_at TIMESTAMP DEFAULT NOW()
2026-10-05T16:23:59.309+03:00 DEBUG 25448 --- [taskmanager] [main] o.f.c.i.s.DefaultSqlScriptExecutor       : 0 rows affected
2026-10-05T16:23:59.309+03:00 DEBUG 25448 --- [taskmanager] [main] o.f.core.internal.command.DbMigrate      : Successfully completed migration of schema "PUBLIC" to version "2 - add created at to tasks"
2026-10-05T16:23:59.310+03:00 DEBUG 25448 --- [taskmanager] [main] o.f.c.i.s.JdbcTableSchemaHistory         : Schema History table "PUBLIC"."flyway_schema_history" successfully updated to reflect changes
2026-10-05T16:23:59.310+03:00 DEBUG 25448 --- [taskmanager] [main] o.f.c.a.c.ClassicConfiguration           : CherryPickConfigurationExtension not found
2026-10-05T16:23:59.311+03:00 DEBUG 25448 --- [taskmanager] [main] o.flywaydb.core.internal.parser.Parser   : Parsing V3__create_refresh_tokens.sql ...
2026-10-05T16:23:59.312+03:00 DEBUG 25448 --- [taskmanager] [main] o.f.c.i.sqlscript.ParserSqlScript        : Found statement at line 1: CREATE TABLE refresh_tokens (
                                id BIGINT GENERATED BY DEFAULT AS IDENTITY PRIMARY KEY,
                                token VARCHAR(255) NOT NULL UNIQUE,
                                user_id BIGINT,
                                expires_at TIMESTAMP NOT NULL,
                                CONSTRAINT fk_refresh_user FOREIGN KEY (user_id) REFERENCES users(id)
)
2026-10-05T16:23:59.312+03:00 DEBUG 25448 --- [taskmanager] [main] o.f.core.internal.command.DbMigrate      : Starting migration of schema "PUBLIC" to version "3 - create refresh tokens" ...
2026-10-05T16:23:59.313+03:00  INFO 25448 --- [taskmanager] [main] o.f.core.internal.command.DbMigrate      : Migrating schema "PUBLIC" to version "3 - create refresh tokens"
2026-10-05T16:23:59.313+03:00 DEBUG 25448 --- [taskmanager] [main] o.f.c.i.s.DefaultSqlScriptExecutor       : Executing SQL: CREATE TABLE refresh_tokens (
                                id BIGINT GENERATED BY DEFAULT AS IDENTITY PRIMARY KEY,
                                token VARCHAR(255) NOT NULL UNIQUE,
                                user_id BIGINT,
                                expires_at TIMESTAMP NOT NULL,
                                CONSTRAINT fk_refresh_user FOREIGN KEY (user_id) REFERENCES users(id)
)
2026-10-05T16:23:59.315+03:00 DEBUG 25448 --- [taskmanager] [main] o.f.c.i.s.DefaultSqlScriptExecutor       : 0 rows affected
2026-10-05T16:23:59.315+03:00 DEBUG 25448 --- [taskmanager] [main] o.f.core.internal.command.DbMigrate      : Successfully completed migration of schema "PUBLIC" to version "3 - create refresh tokens"
2026-10-05T16:23:59.316+03:00 DEBUG 25448 --- [taskmanager] [main] o.f.c.i.s.JdbcTableSchemaHistory         : Schema History table "PUBLIC"."flyway_schema_history" successfully updated to reflect changes
2026-10-05T16:23:59.317+03:00 DEBUG 25448 --- [taskmanager] [main] o.f.c.a.c.ClassicConfiguration           : CherryPickConfigurationExtension not found
2026-10-05T16:23:59.320+03:00  INFO 25448 --- [taskmanager] [main] o.f.core.internal.command.DbMigrate      : Successfully applied 3 migrations to schema "PUBLIC", now at version v3 (execution time 00:00.020s)
2026-10-05T16:23:59.324+03:00 DEBUG 25448 --- [taskmanager] [main] org.flywaydb.core.FlywayExecutor         : Memory usage: 63 of 80M
2026-10-05T16:23:59.396+03:00  INFO 25448 --- [taskmanager] [main] org.hibernate.orm.jpa                    : HHH008540: Processing PersistenceUnitInfo [name: default]
2026-10-05T16:23:59.437+03:00  INFO 25448 --- [taskmanager] [main] org.hibernate.orm.core                   : HHH000001: Hibernate ORM core version 7.4.5.Final
2026-10-05T16:23:59.772+03:00  INFO 25448 --- [taskmanager] [main] o.s.o.j.p.SpringPersistenceUnitInfo      : No LoadTimeWeaver setup: ignoring JPA class transformer
2026-10-05T16:23:59.844+03:00  INFO 25448 --- [taskmanager] [main] org.hibernate.orm.connections.pooling    : HHH10001005: Database info:
	Database JDBC URL [jdbc:h2:mem:taskdb]
	Database driver: H2 JDBC Driver
	Database dialect: H2Dialect
	Database version: 2.4.240
	Default catalog/schema: TASKDB/PUBLIC
	Autocommit mode: undefined/unknown
	Isolation level: READ_COMMITTED [default READ_COMMITTED]
	JDBC fetch size: 100
	Pool: DataSourceConnectionProvider
	Minimum pool size: undefined/unknown
	Maximum pool size: undefined/unknown
2026-10-05T16:24:00.597+03:00  INFO 25448 --- [taskmanager] [main] org.hibernate.orm.core                   : HHH000489: No JTA platform available (set 'hibernate.transaction.jta.platform' to enable JTA platform integration)
2026-10-05T16:24:00.603+03:00  INFO 25448 --- [taskmanager] [main] j.LocalContainerEntityManagerFactoryBean : Initialized JPA EntityManagerFactory for persistence unit 'default'
2026-10-05T16:24:00.658+03:00  INFO 25448 --- [taskmanager] [main] o.s.d.j.r.query.QueryEnhancerFactories   : Hibernate is in classpath; If applicable, HQL parser will be used.
2026-10-05T16:24:00.857+03:00  INFO 25448 --- [taskmanager] [main] r$InitializeUserDetailsManagerConfigurer : Global AuthenticationManager configured with UserDetailsService bean with name userDetailsServiceImpl
2026-10-05T16:24:01.209+03:00 TRACE 25448 --- [taskmanager] [main] t.a.AnnotationTransactionAttributeSource : Adding transactional method 'com.example.taskmanager.service.RefreshTokenService.create' with attribute: PROPAGATION_REQUIRED,ISOLATION_DEFAULT
2026-10-05T16:24:01.217+03:00 TRACE 25448 --- [taskmanager] [main] t.a.AnnotationTransactionAttributeSource : Adding transactional method 'com.example.taskmanager.service.RefreshTokenService.verify' with attribute: PROPAGATION_REQUIRED,ISOLATION_DEFAULT
2026-10-05T16:24:01.217+03:00 TRACE 25448 --- [taskmanager] [main] t.a.AnnotationTransactionAttributeSource : Adding transactional method 'com.example.taskmanager.service.RefreshTokenService.deleteByUserId' with attribute: PROPAGATION_REQUIRED,ISOLATION_DEFAULT
2026-10-05T16:24:01.224+03:00 TRACE 25448 --- [taskmanager] [main] t.a.AnnotationTransactionAttributeSource : Adding transactional method 'com.example.taskmanager.service.AuthService.refresh' with attribute: PROPAGATION_REQUIRED,ISOLATION_DEFAULT
2026-10-05T16:24:01.225+03:00 TRACE 25448 --- [taskmanager] [main] t.a.AnnotationTransactionAttributeSource : Adding transactional method 'com.example.taskmanager.service.AuthService.register' with attribute: PROPAGATION_REQUIRED,ISOLATION_DEFAULT
2026-10-05T16:24:01.225+03:00 TRACE 25448 --- [taskmanager] [main] t.a.AnnotationTransactionAttributeSource : Adding transactional method 'com.example.taskmanager.service.AuthService.login' with attribute: PROPAGATION_REQUIRED,ISOLATION_DEFAULT
2026-10-05T16:24:01.225+03:00 TRACE 25448 --- [taskmanager] [main] t.a.AnnotationTransactionAttributeSource : Adding transactional method 'com.example.taskmanager.service.AuthService.logout' with attribute: PROPAGATION_REQUIRED,ISOLATION_DEFAULT
2026-10-05T16:24:01.485+03:00 TRACE 25448 --- [taskmanager] [main] t.a.AnnotationTransactionAttributeSource : Adding transactional method 'com.example.taskmanager.service.AuditService.logAction' with attribute: PROPAGATION_REQUIRES_NEW,ISOLATION_DEFAULT
2026-10-05T16:24:01.489+03:00 TRACE 25448 --- [taskmanager] [main] t.a.AnnotationTransactionAttributeSource : Adding transactional method 'com.example.taskmanager.service.TaskService.updateStatus' with attribute: PROPAGATION_REQUIRED,ISOLATION_DEFAULT
2026-10-05T16:24:01.499+03:00 TRACE 25448 --- [taskmanager] [main] t.a.AnnotationTransactionAttributeSource : Adding transactional method 'com.example.taskmanager.service.TaskService.update' with attribute: PROPAGATION_REQUIRED,ISOLATION_DEFAULT
2026-10-05T16:24:01.499+03:00 TRACE 25448 --- [taskmanager] [main] t.a.AnnotationTransactionAttributeSource : Adding transactional method 'com.example.taskmanager.service.TaskService.delete' with attribute: PROPAGATION_REQUIRED,ISOLATION_DEFAULT
2026-10-05T16:24:01.500+03:00 TRACE 25448 --- [taskmanager] [main] t.a.AnnotationTransactionAttributeSource : Adding transactional method 'com.example.taskmanager.service.TaskService.create' with attribute: PROPAGATION_REQUIRED,ISOLATION_DEFAULT
2026-10-05T16:24:01.500+03:00 TRACE 25448 --- [taskmanager] [main] t.a.AnnotationTransactionAttributeSource : Adding transactional method 'com.example.taskmanager.service.TaskService.search' with attribute: PROPAGATION_REQUIRED,ISOLATION_DEFAULT,readOnly
2026-10-05T16:24:01.500+03:00 TRACE 25448 --- [taskmanager] [main] t.a.AnnotationTransactionAttributeSource : Adding transactional method 'com.example.taskmanager.service.TaskService.getAll' with attribute: PROPAGATION_REQUIRED,ISOLATION_DEFAULT,readOnly
2026-10-05T16:24:01.500+03:00 TRACE 25448 --- [taskmanager] [main] t.a.AnnotationTransactionAttributeSource : Adding transactional method 'com.example.taskmanager.service.TaskService.getById' with attribute: PROPAGATION_REQUIRED,ISOLATION_DEFAULT,readOnly
2026-10-05T16:24:01.500+03:00 TRACE 25448 --- [taskmanager] [main] t.a.AnnotationTransactionAttributeSource : Adding transactional method 'com.example.taskmanager.service.TaskService.getMy' with attribute: PROPAGATION_REQUIRED,ISOLATION_DEFAULT,readOnly
2026-10-05T16:24:01.500+03:00 TRACE 25448 --- [taskmanager] [main] t.a.AnnotationTransactionAttributeSource : Adding transactional method 'com.example.taskmanager.service.TaskService.getStats' with attribute: PROPAGATION_REQUIRED,ISOLATION_DEFAULT,readOnly
2026-10-05T16:24:01.501+03:00 TRACE 25448 --- [taskmanager] [main] t.a.AnnotationTransactionAttributeSource : Adding transactional method 'com.example.taskmanager.service.TaskService.getAllPaged' with attribute: PROPAGATION_REQUIRED,ISOLATION_DEFAULT,readOnly
2026-10-05T16:24:01.597+03:00  WARN 25448 --- [taskmanager] [main] JpaBaseConfiguration$JpaWebConfiguration : spring.jpa.open-in-view is enabled by default. Therefore, database queries may be performed during view rendering. Explicitly configure spring.jpa.open-in-view to disable this warning
2026-10-05T16:24:01.785+03:00 DEBUG 25448 --- [taskmanager] [main] o.s.s.web.DefaultSecurityFilterChain     : Will secure any request with filters: DisableEncodeUrlFilter, WebAsyncManagerIntegrationFilter, SecurityContextHolderFilter, HeaderWriterFilter, LogoutFilter, JwtAuthFilter, UsernamePasswordAuthenticationFilter, RequestCacheAwareFilter, SecurityContextHolderAwareRequestFilter, AnonymousAuthenticationFilter, SessionManagementFilter, ExceptionTranslationFilter, AuthorizationFilter
2026-10-05T16:24:02.163+03:00  INFO 25448 --- [taskmanager] [main] o.s.b.h.a.H2ConsoleAutoConfiguration     : H2 console available at '/h2-console'. Database available at 'jdbc:h2:mem:taskdb'
2026-10-05T16:24:02.213+03:00  INFO 25448 --- [taskmanager] [main] o.s.boot.tomcat.TomcatWebServer          : Tomcat started on port 8080 (http) with context path '/'
2026-10-05T16:24:02.218+03:00  INFO 25448 --- [taskmanager] [main] c.e.taskmanager.TaskmanagerApplication   : Started TaskmanagerApplication in 4.958 seconds (process running for 5.418)
2026-10-05T16:24:02.222+03:00 TRACE 25448 --- [taskmanager] [main] o.s.t.i.TransactionInterceptor           : No need to create transaction for [org.springframework.data.jpa.repository.support.SimpleJpaRepository.findByEmail]: This method is not transactional.
2026-10-05T16:24:02.385+03:00 TRACE 25448 --- [taskmanager] [main] o.s.t.i.TransactionInterceptor           : Getting transaction for [org.springframework.data.jpa.repository.support.SimpleJpaRepository.save]
2026-10-05T16:24:02.415+03:00 TRACE 25448 --- [taskmanager] [main] o.s.t.i.TransactionInterceptor           : Completing transaction for [org.springframework.data.jpa.repository.support.SimpleJpaRepository.save]
2026-10-05T16:24:02.421+03:00 TRACE 25448 --- [taskmanager] [main] o.s.t.i.TransactionInterceptor           : No need to create transaction for [org.springframework.data.jpa.repository.support.SimpleJpaRepository.findByEmail]: This method is not transactional.
2026-10-05T16:24:02.482+03:00 TRACE 25448 --- [taskmanager] [main] o.s.t.i.TransactionInterceptor           : Getting transaction for [org.springframework.data.jpa.repository.support.SimpleJpaRepository.save]
2026-10-05T16:24:02.483+03:00 TRACE 25448 --- [taskmanager] [main] o.s.t.i.TransactionInterceptor           : Completing transaction for [org.springframework.data.jpa.repository.support.SimpleJpaRepository.save]
2026-10-05T16:24:02.483+03:00  WARN 25448 --- [taskmanager] [main] o.s.core.events.SpringDocAppInitializer  : SpringDoc /v3/api-docs endpoint is enabled by default. To disable it in production, set the property 'springdoc.api-docs.enabled=false'
2026-10-05T16:24:02.484+03:00  WARN 25448 --- [taskmanager] [main] o.s.core.events.SpringDocAppInitializer  : SpringDoc /swagger-ui.html endpoint is enabled by default. To disable it in production, set the property 'springdoc.swagger-ui.enabled=false'
2026-10-05T16:24:04.854+03:00  INFO 25448 --- [taskmanager] [http-nio-8080-exec-1] o.a.c.c.C.[Tomcat].[localhost].[/]       : Initializing Spring DispatcherServlet 'dispatcherServlet'
2026-10-05T16:24:04.855+03:00  INFO 25448 --- [taskmanager] [http-nio-8080-exec-1] o.s.web.servlet.DispatcherServlet        : Initializing Servlet 'dispatcherServlet'
2026-10-05T16:24:04.857+03:00  INFO 25448 --- [taskmanager] [http-nio-8080-exec-1] o.s.web.servlet.DispatcherServlet        : Completed initialization in 1 ms
2026-10-05T16:24:04.864+03:00 DEBUG 25448 --- [taskmanager] [http-nio-8080-exec-1] o.s.security.web.FilterChainProxy        : Securing POST /api/auth/register
2026-10-05T16:24:04.870+03:00 DEBUG 25448 --- [taskmanager] [http-nio-8080-exec-1] o.s.s.w.a.AnonymousAuthenticationFilter  : Set SecurityContextHolder to anonymous SecurityContext
2026-10-05T16:24:04.871+03:00 DEBUG 25448 --- [taskmanager] [http-nio-8080-exec-1] o.s.security.web.FilterChainProxy        : Secured POST /api/auth/register
2026-10-05T16:24:04.941+03:00 TRACE 25448 --- [taskmanager] [http-nio-8080-exec-1] o.s.t.i.TransactionInterceptor           : Getting transaction for [com.example.taskmanager.service.AuthService.register]
2026-10-05T16:24:04.941+03:00 TRACE 25448 --- [taskmanager] [http-nio-8080-exec-1] o.s.t.i.TransactionInterceptor           : No need to create transaction for [org.springframework.data.jpa.repository.support.SimpleJpaRepository.findByEmail]: This method is not transactional.
2026-10-05T16:24:05.002+03:00 TRACE 25448 --- [taskmanager] [http-nio-8080-exec-1] o.s.t.i.TransactionInterceptor           : Getting transaction for [org.springframework.data.jpa.repository.support.SimpleJpaRepository.save]
2026-10-05T16:24:05.003+03:00 TRACE 25448 --- [taskmanager] [http-nio-8080-exec-1] o.s.t.i.TransactionInterceptor           : Completing transaction for [org.springframework.data.jpa.repository.support.SimpleJpaRepository.save]
2026-10-05T16:24:05.088+03:00 TRACE 25448 --- [taskmanager] [http-nio-8080-exec-1] o.s.t.i.TransactionInterceptor           : Getting transaction for [com.example.taskmanager.service.RefreshTokenService.create]
2026-10-05T16:24:05.089+03:00 TRACE 25448 --- [taskmanager] [http-nio-8080-exec-1] o.s.t.i.TransactionInterceptor           : Getting transaction for [org.springframework.data.jpa.repository.support.SimpleJpaRepository.save]
2026-10-05T16:24:05.090+03:00 TRACE 25448 --- [taskmanager] [http-nio-8080-exec-1] o.s.t.i.TransactionInterceptor           : Completing transaction for [org.springframework.data.jpa.repository.support.SimpleJpaRepository.save]
2026-10-05T16:24:05.090+03:00 TRACE 25448 --- [taskmanager] [http-nio-8080-exec-1] o.s.t.i.TransactionInterceptor           : Completing transaction for [com.example.taskmanager.service.RefreshTokenService.create]
2026-10-05T16:24:05.090+03:00 TRACE 25448 --- [taskmanager] [http-nio-8080-exec-1] o.s.t.i.TransactionInterceptor           : Completing transaction for [com.example.taskmanager.service.AuthService.register]
2026-10-05T16:24:24.641+03:00 DEBUG 25448 --- [taskmanager] [http-nio-8080-exec-2] o.s.security.web.FilterChainProxy        : Securing GET /api/tasks/paged?page=0&size=3&sort=id
2026-10-05T16:24:24.664+03:00 TRACE 25448 --- [taskmanager] [http-nio-8080-exec-2] o.s.t.i.TransactionInterceptor           : No need to create transaction for [org.springframework.data.jpa.repository.support.SimpleJpaRepository.findByEmail]: This method is not transactional.
2026-10-05T16:24:24.680+03:00 DEBUG 25448 --- [taskmanager] [http-nio-8080-exec-2] w.c.HttpSessionSecurityContextRepository : Stored SecurityContextImpl [Authentication=UsernamePasswordAuthenticationToken [Principal=com.example.taskmanager.model.User@11c105c2, Credentials=[PROTECTED], Authenticated=true, Details=WebAuthenticationDetails [RemoteIpAddress=127.0.0.1, SessionId=null], Granted Authorities=[ROLE_USER]]] to HttpSession [org.apache.catalina.session.StandardSessionFacade@5d483ea0]
2026-10-05T16:24:24.680+03:00 DEBUG 25448 --- [taskmanager] [http-nio-8080-exec-2] o.s.security.web.FilterChainProxy        : Secured GET /api/tasks/paged?page=0&size=3&sort=id
2026-10-05T16:24:24.686+03:00 TRACE 25448 --- [taskmanager] [http-nio-8080-exec-2] o.s.t.i.TransactionInterceptor           : Getting transaction for [com.example.taskmanager.service.TaskService.getAllPaged]
2026-10-05T16:24:24.687+03:00  INFO 25448 --- [taskmanager] [http-nio-8080-exec-2] c.e.taskmanager.aspect.LoggingAspect     : → getAllPaged called with args: [0, 3, id]
2026-10-05T16:24:24.689+03:00 TRACE 25448 --- [taskmanager] [http-nio-8080-exec-2] o.s.t.i.TransactionInterceptor           : Getting transaction for [org.springframework.data.jpa.repository.support.SimpleJpaRepository.findAll]
2026-10-05T16:24:24.726+03:00 TRACE 25448 --- [taskmanager] [http-nio-8080-exec-2] o.s.t.i.TransactionInterceptor           : Completing transaction for [org.springframework.data.jpa.repository.support.SimpleJpaRepository.findAll]
2026-10-05T16:24:24.726+03:00  INFO 25448 --- [taskmanager] [http-nio-8080-exec-2] c.e.taskmanager.aspect.LoggingAspect     : ← getAllPaged finished
2026-10-05T16:24:24.726+03:00  INFO 25448 --- [taskmanager] [http-nio-8080-exec-2] c.e.taskmanager.aspect.LoggingAspect     : ⏱ getAllPaged completed in 39ms
2026-10-05T16:24:24.726+03:00 TRACE 25448 --- [taskmanager] [http-nio-8080-exec-2] o.s.t.i.TransactionInterceptor           : Completing transaction for [com.example.taskmanager.service.TaskService.getAllPaged]
2026-10-05T16:24:24.733+03:00  WARN 25448 --- [taskmanager] [http-nio-8080-exec-2] ration$PageModule$WarningLoggingModifier : Serializing PageImpl instances as-is is not supported, meaning that there is no guarantee about the stability of the resulting JSON structure!
	For a stable JSON structure, please use Spring Data's PagedModel (globally via @EnableSpringDataWebSupport(pageSerializationMode = VIA_DTO))
	or Spring HATEOAS and Spring Data's PagedResourcesAssembler as documented in https://docs.spring.io/spring-data/commons/reference/repositories/core-extensions.html#core.web.pageables.

2026-10-05T16:25:03.177+03:00 DEBUG 25448 --- [taskmanager] [http-nio-8080-exec-4] o.s.security.web.FilterChainProxy        : Securing GET /api/tasks/paged?page=1&size=3&sort=id
2026-10-05T16:25:03.178+03:00 TRACE 25448 --- [taskmanager] [http-nio-8080-exec-4] o.s.t.i.TransactionInterceptor           : No need to create transaction for [org.springframework.data.jpa.repository.support.SimpleJpaRepository.findByEmail]: This method is not transactional.
2026-10-05T16:25:03.181+03:00 DEBUG 25448 --- [taskmanager] [http-nio-8080-exec-4] w.c.HttpSessionSecurityContextRepository : Stored SecurityContextImpl [Authentication=UsernamePasswordAuthenticationToken [Principal=com.example.taskmanager.model.User@1295fbf2, Credentials=[PROTECTED], Authenticated=true, Details=WebAuthenticationDetails [RemoteIpAddress=127.0.0.1, SessionId=null], Granted Authorities=[ROLE_USER]]] to HttpSession [org.apache.catalina.session.StandardSessionFacade@186d9082]
2026-10-05T16:25:03.181+03:00 DEBUG 25448 --- [taskmanager] [http-nio-8080-exec-4] o.s.security.web.FilterChainProxy        : Secured GET /api/tasks/paged?page=1&size=3&sort=id
2026-10-05T16:25:03.182+03:00 TRACE 25448 --- [taskmanager] [http-nio-8080-exec-4] o.s.t.i.TransactionInterceptor           : Getting transaction for [com.example.taskmanager.service.TaskService.getAllPaged]
2026-10-05T16:25:03.182+03:00  INFO 25448 --- [taskmanager] [http-nio-8080-exec-4] c.e.taskmanager.aspect.LoggingAspect     : → getAllPaged called with args: [1, 3, id]
2026-10-05T16:25:03.182+03:00 TRACE 25448 --- [taskmanager] [http-nio-8080-exec-4] o.s.t.i.TransactionInterceptor           : Getting transaction for [org.springframework.data.jpa.repository.support.SimpleJpaRepository.findAll]
2026-10-05T16:25:03.186+03:00 TRACE 25448 --- [taskmanager] [http-nio-8080-exec-4] o.s.t.i.TransactionInterceptor           : Completing transaction for [org.springframework.data.jpa.repository.support.SimpleJpaRepository.findAll]
2026-10-05T16:25:03.186+03:00  INFO 25448 --- [taskmanager] [http-nio-8080-exec-4] c.e.taskmanager.aspect.LoggingAspect     : ← getAllPaged finished
2026-10-05T16:25:03.186+03:00  INFO 25448 --- [taskmanager] [http-nio-8080-exec-4] c.e.taskmanager.aspect.LoggingAspect     : ⏱ getAllPaged completed in 4ms
2026-10-05T16:25:03.187+03:00 TRACE 25448 --- [taskmanager] [http-nio-8080-exec-4] o.s.t.i.TransactionInterceptor           : Completing transaction for [com.example.taskmanager.service.TaskService.getAllPaged]
2026-10-05T16:34:23.480+03:00  INFO 25448 --- [taskmanager] [SpringApplicationShutdownHook] o.s.boot.tomcat.GracefulShutdown         : Commencing graceful shutdown. Waiting for active requests to complete
2026-10-05T16:34:23.490+03:00  INFO 25448 --- [taskmanager] [tomcat-shutdown] o.s.boot.tomcat.GracefulShutdown         : Graceful shutdown complete
2026-10-05T16:34:23.496+03:00  INFO 25448 --- [taskmanager] [SpringApplicationShutdownHook] j.LocalContainerEntityManagerFactoryBean : Closing JPA EntityManagerFactory for persistence unit 'default'
2026-10-05T16:34:23.498+03:00  INFO 25448 --- [taskmanager] [SpringApplicationShutdownHook] com.zaxxer.hikari.HikariDataSource       : HikariPool-1 - Shutdown initiated...
2026-10-05T16:34:23.500+03:00  INFO 25448 --- [taskmanager] [SpringApplicationShutdownHook] com.zaxxer.hikari.HikariDataSource       : HikariPool-1 - Shutdown completed.
2026-10-05T16:34:29.007+03:00  INFO 28932 --- [taskmanager] [main] c.e.taskmanager.TaskmanagerApplication   : Starting TaskmanagerApplication using Java 21.0.10 with PID 28932 (C:\Users\Виталий\Desktop\taskmanager\target\classes started by Виталий in C:\Users\Виталий\Desktop\taskmanager)
2026-10-05T16:34:29.010+03:00  INFO 28932 --- [taskmanager] [main] c.e.taskmanager.TaskmanagerApplication   : No active profile set, falling back to 1 default profile: "default"
2026-10-05T16:34:29.699+03:00  INFO 28932 --- [taskmanager] [main] .s.d.r.c.RepositoryConfigurationDelegate : Bootstrapping Spring Data JPA repositories in DEFAULT mode.
2026-10-05T16:34:29.746+03:00  INFO 28932 --- [taskmanager] [main] .s.d.r.c.RepositoryConfigurationDelegate : Finished Spring Data repository scanning in 40 ms. Found 4 JPA repository interfaces.
2026-10-05T16:34:30.382+03:00  INFO 28932 --- [taskmanager] [main] o.s.boot.tomcat.TomcatWebServer          : Tomcat initialized with port 8080 (http)
2026-10-05T16:34:30.392+03:00  INFO 28932 --- [taskmanager] [main] o.apache.catalina.core.StandardService   : Starting service [Tomcat]
2026-10-05T16:34:30.393+03:00  INFO 28932 --- [taskmanager] [main] o.apache.catalina.core.StandardEngine    : Starting Servlet engine: [Apache Tomcat/11.0.24]
2026-10-05T16:34:30.440+03:00  INFO 28932 --- [taskmanager] [main] b.w.c.s.WebApplicationContextInitializer : Root WebApplicationContext: initialization completed in 1400 ms
2026-10-05T16:34:30.635+03:00 DEBUG 28932 --- [taskmanager] [main] o.f.c.i.s.classpath.ClassPathScanner     : Scanning for classpath resources at 'classpath:db/callback' ...
2026-10-05T16:34:30.636+03:00 DEBUG 28932 --- [taskmanager] [main] o.f.c.i.s.classpath.ClassPathScanner     : Determining location urls for classpath:db/callback using ClassLoader TomcatEmbeddedWebappClassLoader
  context: ROOT
  delegate: true
----------> Parent Classloader:
jdk.internal.loader.ClassLoaders$AppClassLoader@3fee733d
 ...
2026-10-05T16:34:30.636+03:00 DEBUG 28932 --- [taskmanager] [main] o.f.c.i.s.classpath.ClassPathScanner     : Unable to resolve location classpath:db/callback.
2026-10-05T16:34:30.636+03:00 DEBUG 28932 --- [taskmanager] [main] o.f.c.i.s.classpath.ClassPathScanner     : Scanning for classpath resources at 'classpath:db/migration' ...
2026-10-05T16:34:30.636+03:00 DEBUG 28932 --- [taskmanager] [main] o.f.c.i.s.classpath.ClassPathScanner     : Determining location urls for classpath:db/migration using ClassLoader TomcatEmbeddedWebappClassLoader
  context: ROOT
  delegate: true
----------> Parent Classloader:
jdk.internal.loader.ClassLoaders$AppClassLoader@3fee733d
 ...
2026-10-05T16:34:30.636+03:00 DEBUG 28932 --- [taskmanager] [main] o.f.c.i.s.classpath.ClassPathScanner     : Scanning URL: file:/C:/Users/%d0%92%d0%b8%d1%82%d0%b0%d0%bb%d0%b8%d0%b9/Desktop/taskmanager/target/classes/db/migration
2026-10-05T16:34:30.637+03:00 DEBUG 28932 --- [taskmanager] [main] i.s.c.FileSystemClassPathLocationScanner : Scanning starting at classpath root in filesystem: C:\Users\Виталий\Desktop\taskmanager\target\classes\
2026-10-05T16:34:30.638+03:00 DEBUG 28932 --- [taskmanager] [main] i.s.c.FileSystemClassPathLocationScanner : Scanning for resources in path: C:\Users\Виталий\Desktop\taskmanager\target\classes\db\migration (db/migration)
2026-10-05T16:34:30.639+03:00 DEBUG 28932 --- [taskmanager] [main] o.f.c.i.s.classpath.ClassPathScanner     : Found resource: db/migration/V1__create_tables.sql
2026-10-05T16:34:30.639+03:00 DEBUG 28932 --- [taskmanager] [main] o.f.c.i.s.classpath.ClassPathScanner     : Found resource: db/migration/V2__add_created_at_to_tasks.sql
2026-10-05T16:34:30.639+03:00 DEBUG 28932 --- [taskmanager] [main] o.f.c.i.s.classpath.ClassPathScanner     : Found resource: db/migration/V3__create_refresh_tokens.sql
2026-10-05T16:34:30.640+03:00 DEBUG 28932 --- [taskmanager] [main] o.f.c.i.s.classpath.ClassPathScanner     : Scanning for classes at classpath:db/migration
2026-10-05T16:34:30.642+03:00  INFO 28932 --- [taskmanager] [main] com.zaxxer.hikari.HikariDataSource       : HikariPool-1 - Starting...
2026-10-05T16:34:30.783+03:00  INFO 28932 --- [taskmanager] [main] com.zaxxer.hikari.pool.HikariPool        : HikariPool-1 - Added connection conn0: url=jdbc:h2:mem:taskdb user=SA
2026-10-05T16:34:30.785+03:00  INFO 28932 --- [taskmanager] [main] com.zaxxer.hikari.HikariDataSource       : HikariPool-1 - Start completed.
2026-10-05T16:34:30.795+03:00 DEBUG 28932 --- [taskmanager] [main] o.f.c.i.resource.ResourceNameValidator   : Validating V2__add_created_at_to_tasks.sql
2026-10-05T16:34:30.796+03:00 DEBUG 28932 --- [taskmanager] [main] o.f.c.i.resource.ResourceNameValidator   : Validating V3__create_refresh_tokens.sql
2026-10-05T16:34:30.796+03:00 DEBUG 28932 --- [taskmanager] [main] o.f.c.i.resource.ResourceNameValidator   : Validating V1__create_tables.sql
2026-10-05T16:34:30.820+03:00  INFO 28932 --- [taskmanager] [main] org.flywaydb.core.FlywayExecutor         : Database: jdbc:h2:mem:taskdb (H2 2.4)
2026-10-05T16:34:30.820+03:00 DEBUG 28932 --- [taskmanager] [main] org.flywaydb.core.FlywayExecutor         : Database Type: H2
2026-10-05T16:34:30.820+03:00 DEBUG 28932 --- [taskmanager] [main] org.flywaydb.core.FlywayExecutor         : Driver: H2 JDBC Driver 2.4.240 (2025-09-22)
2026-10-05T16:34:30.820+03:00 DEBUG 28932 --- [taskmanager] [main] org.flywaydb.core.FlywayExecutor         : DDL Transactions Supported: false
2026-10-05T16:34:30.821+03:00 DEBUG 28932 --- [taskmanager] [main] o.f.c.i.s.SchemaHistoryFactory           : Schemas: 
2026-10-05T16:34:30.821+03:00 DEBUG 28932 --- [taskmanager] [main] o.f.c.i.s.SchemaHistoryFactory           : Default schema: null
2026-10-05T16:34:30.824+03:00  WARN 28932 --- [taskmanager] [main] o.f.c.internal.database.base.Database    : Flyway upgrade recommended: H2 2.4.240 is newer than this version of Flyway and support has not been tested. The latest supported version of H2 is 2.3.232.
2026-10-05T16:34:30.825+03:00 DEBUG 28932 --- [taskmanager] [main] org.flywaydb.core.FlywayExecutor         : Scanning for script callbacks ...
2026-10-05T16:34:30.826+03:00 DEBUG 28932 --- [taskmanager] [main] o.f.c.i.c.SqlScriptCallbackFactory       : Scanning for SQL callbacks ...
2026-10-05T16:34:30.832+03:00 DEBUG 28932 --- [taskmanager] [main] o.f.core.internal.command.DbValidate     : Validating migrations ...
2026-10-05T16:34:30.834+03:00 DEBUG 28932 --- [taskmanager] [main] o.f.c.a.c.ClassicConfiguration           : CherryPickConfigurationExtension not found
2026-10-05T16:34:30.840+03:00 DEBUG 28932 --- [taskmanager] [main] o.f.core.internal.scanner.Scanner        : Filtering out resource: db/migration/V2__add_created_at_to_tasks.sql (filename: V2__add_created_at_to_tasks.sql)
2026-10-05T16:34:30.840+03:00 DEBUG 28932 --- [taskmanager] [main] o.f.core.internal.scanner.Scanner        : Filtering out resource: db/migration/V3__create_refresh_tokens.sql (filename: V3__create_refresh_tokens.sql)
2026-10-05T16:34:30.840+03:00 DEBUG 28932 --- [taskmanager] [main] o.f.core.internal.scanner.Scanner        : Filtering out resource: db/migration/V1__create_tables.sql (filename: V1__create_tables.sql)
2026-10-05T16:34:30.841+03:00 DEBUG 28932 --- [taskmanager] [main] o.f.core.internal.scanner.Scanner        : Filtering out resource: db/migration/V2__add_created_at_to_tasks.sql (filename: V2__add_created_at_to_tasks.sql)
2026-10-05T16:34:30.841+03:00 DEBUG 28932 --- [taskmanager] [main] o.f.core.internal.scanner.Scanner        : Filtering out resource: db/migration/V3__create_refresh_tokens.sql (filename: V3__create_refresh_tokens.sql)
2026-10-05T16:34:30.841+03:00 DEBUG 28932 --- [taskmanager] [main] o.f.core.internal.scanner.Scanner        : Filtering out resource: db/migration/V1__create_tables.sql (filename: V1__create_tables.sql)
2026-10-05T16:34:30.842+03:00 DEBUG 28932 --- [taskmanager] [main] o.f.core.internal.scanner.Scanner        : Filtering out resource: db/migration/V2__add_created_at_to_tasks.sql (filename: V2__add_created_at_to_tasks.sql)
2026-10-05T16:34:30.842+03:00 DEBUG 28932 --- [taskmanager] [main] o.f.core.internal.scanner.Scanner        : Filtering out resource: db/migration/V3__create_refresh_tokens.sql (filename: V3__create_refresh_tokens.sql)
2026-10-05T16:34:30.842+03:00 DEBUG 28932 --- [taskmanager] [main] o.f.core.internal.scanner.Scanner        : Filtering out resource: db/migration/V1__create_tables.sql (filename: V1__create_tables.sql)
2026-10-05T16:34:30.842+03:00 DEBUG 28932 --- [taskmanager] [main] o.f.core.internal.scanner.Scanner        : Filtering out resource: db/migration/V2__add_created_at_to_tasks.sql (filename: V2__add_created_at_to_tasks.sql)
2026-10-05T16:34:30.842+03:00 DEBUG 28932 --- [taskmanager] [main] o.f.core.internal.scanner.Scanner        : Filtering out resource: db/migration/V3__create_refresh_tokens.sql (filename: V3__create_refresh_tokens.sql)
2026-10-05T16:34:30.843+03:00 DEBUG 28932 --- [taskmanager] [main] o.f.core.internal.scanner.Scanner        : Filtering out resource: db/migration/V1__create_tables.sql (filename: V1__create_tables.sql)
2026-10-05T16:34:30.844+03:00  INFO 28932 --- [taskmanager] [main] o.f.c.i.s.JdbcTableSchemaHistory         : Schema history table "PUBLIC"."flyway_schema_history" does not exist yet
2026-10-05T16:34:30.846+03:00  INFO 28932 --- [taskmanager] [main] o.f.core.internal.command.DbValidate     : Successfully validated 3 migrations (execution time 00:00.013s)
2026-10-05T16:34:30.848+03:00 DEBUG 28932 --- [taskmanager] [main] o.f.core.internal.command.DbSchemas      : Skipping creation of existing schema: "PUBLIC"
2026-10-05T16:34:30.852+03:00  INFO 28932 --- [taskmanager] [main] o.f.c.i.s.JdbcTableSchemaHistory         : Creating Schema History table "PUBLIC"."flyway_schema_history" ...
2026-10-05T16:34:30.855+03:00 DEBUG 28932 --- [taskmanager] [main] o.flywaydb.core.internal.parser.Parser   : Parsing  ...
2026-10-05T16:34:30.862+03:00 DEBUG 28932 --- [taskmanager] [main] o.f.c.i.sqlscript.ParserSqlScript        : Found statement at line 1: CREATE TABLE IF NOT EXISTS "PUBLIC"."flyway_schema_history" (
    "installed_rank" INT NOT NULL,
    "version" VARCHAR(50),
    "description" VARCHAR(200) NOT NULL,
    "type" VARCHAR(20) NOT NULL,
    "script" VARCHAR(1000) NOT NULL,
    "checksum" INT,
    "installed_by" VARCHAR(100) NOT NULL,
    "installed_on" TIMESTAMP NOT NULL DEFAULT CURRENT_TIMESTAMP,
    "execution_time" INT NOT NULL,
    "success" BOOLEAN NOT NULL,
    CONSTRAINT "flyway_schema_history_pk" PRIMARY KEY ("installed_rank")
) AS SELECT -1, NULL, '<< Flyway Schema History table created >>', 'TABLE', '', NULL, 'SA', CURRENT_TIMESTAMP, 0, TRUE
2026-10-05T16:34:30.862+03:00 DEBUG 28932 --- [taskmanager] [main] o.f.c.i.sqlscript.ParserSqlScript        : Found statement at line 14: CREATE INDEX "PUBLIC"."flyway_schema_history_s_idx" ON "PUBLIC"."flyway_schema_history" ("success")
2026-10-05T16:34:30.863+03:00 DEBUG 28932 --- [taskmanager] [main] o.f.c.i.s.DefaultSqlScriptExecutor       : Executing SQL: CREATE TABLE IF NOT EXISTS "PUBLIC"."flyway_schema_history" (
    "installed_rank" INT NOT NULL,
    "version" VARCHAR(50),
    "description" VARCHAR(200) NOT NULL,
    "type" VARCHAR(20) NOT NULL,
    "script" VARCHAR(1000) NOT NULL,
    "checksum" INT,
    "installed_by" VARCHAR(100) NOT NULL,
    "installed_on" TIMESTAMP NOT NULL DEFAULT CURRENT_TIMESTAMP,
    "execution_time" INT NOT NULL,
    "success" BOOLEAN NOT NULL,
    CONSTRAINT "flyway_schema_history_pk" PRIMARY KEY ("installed_rank")
) AS SELECT -1, NULL, '<< Flyway Schema History table created >>', 'TABLE', '', NULL, 'SA', CURRENT_TIMESTAMP, 0, TRUE
2026-10-05T16:34:30.868+03:00 DEBUG 28932 --- [taskmanager] [main] o.f.c.i.s.DefaultSqlScriptExecutor       : 0 rows affected
2026-10-05T16:34:30.868+03:00 DEBUG 28932 --- [taskmanager] [main] o.f.c.i.s.DefaultSqlScriptExecutor       : Executing SQL: CREATE INDEX "PUBLIC"."flyway_schema_history_s_idx" ON "PUBLIC"."flyway_schema_history" ("success")
2026-10-05T16:34:30.870+03:00 DEBUG 28932 --- [taskmanager] [main] o.f.c.i.s.DefaultSqlScriptExecutor       : 0 rows affected
2026-10-05T16:34:30.870+03:00 DEBUG 28932 --- [taskmanager] [main] o.f.c.i.s.JdbcTableSchemaHistory         : Created Schema History table "PUBLIC"."flyway_schema_history"
2026-10-05T16:34:30.875+03:00 DEBUG 28932 --- [taskmanager] [main] o.f.c.a.c.ClassicConfiguration           : CherryPickConfigurationExtension not found
2026-10-05T16:34:30.880+03:00  INFO 28932 --- [taskmanager] [main] o.f.core.internal.command.DbMigrate      : Current version of schema "PUBLIC": << Empty Schema >>
2026-10-05T16:34:30.880+03:00 DEBUG 28932 --- [taskmanager] [main] o.flywaydb.core.internal.parser.Parser   : Parsing V1__create_tables.sql ...
2026-10-05T16:34:30.883+03:00 DEBUG 28932 --- [taskmanager] [main] o.f.c.i.sqlscript.ParserSqlScript        : Found statement at line 1: CREATE TABLE users (
                       id BIGINT GENERATED BY DEFAULT AS IDENTITY PRIMARY KEY,
                       email VARCHAR(255) NOT NULL UNIQUE,
                       password VARCHAR(255) NOT NULL,
                       role VARCHAR(50) NOT NULL
)
2026-10-05T16:34:30.885+03:00 DEBUG 28932 --- [taskmanager] [main] o.f.c.i.sqlscript.ParserSqlScript        : Found statement at line 8: CREATE TABLE tasks (
                       id BIGINT GENERATED BY DEFAULT AS IDENTITY PRIMARY KEY,
                       title VARCHAR(255) NOT NULL,
                       description VARCHAR(255),
                       priority VARCHAR(50) NOT NULL,
                       status VARCHAR(50) NOT NULL DEFAULT 'NEW',
                       owner_id BIGINT,
                       CONSTRAINT fk_tasks_owner FOREIGN KEY (owner_id) REFERENCES users(id)
)
2026-10-05T16:34:30.887+03:00 DEBUG 28932 --- [taskmanager] [main] o.f.c.i.sqlscript.ParserSqlScript        : Found statement at line 18: CREATE TABLE audit_logs (
                            id BIGINT GENERATED BY DEFAULT AS IDENTITY PRIMARY KEY,
                            action VARCHAR(255) NOT NULL,
                            task_id BIGINT,
                            created_at TIMESTAMP NOT NULL
)
2026-10-05T16:34:30.887+03:00 DEBUG 28932 --- [taskmanager] [main] o.f.c.i.sqlscript.ParserSqlScript        : Found statement at line 25: INSERT INTO tasks (title, description, priority, status)
VALUES ('Изучить Flyway', 'Первая миграция', 'HIGH', 'NEW'),
       ('Написать тесты', 'Потом', 'MEDIUM', 'NEW')
2026-10-05T16:34:30.888+03:00 DEBUG 28932 --- [taskmanager] [main] o.f.core.internal.command.DbMigrate      : Starting migration of schema "PUBLIC" to version "1 - create tables" ...
2026-10-05T16:34:30.889+03:00  INFO 28932 --- [taskmanager] [main] o.f.core.internal.command.DbMigrate      : Migrating schema "PUBLIC" to version "1 - create tables"
2026-10-05T16:34:30.890+03:00 DEBUG 28932 --- [taskmanager] [main] o.f.c.i.s.DefaultSqlScriptExecutor       : Executing SQL: CREATE TABLE users (
                       id BIGINT GENERATED BY DEFAULT AS IDENTITY PRIMARY KEY,
                       email VARCHAR(255) NOT NULL UNIQUE,
                       password VARCHAR(255) NOT NULL,
                       role VARCHAR(50) NOT NULL
)
2026-10-05T16:34:30.895+03:00 DEBUG 28932 --- [taskmanager] [main] o.f.c.i.s.DefaultSqlScriptExecutor       : 0 rows affected
2026-10-05T16:34:30.895+03:00 DEBUG 28932 --- [taskmanager] [main] o.f.c.i.s.DefaultSqlScriptExecutor       : Executing SQL: CREATE TABLE tasks (
                       id BIGINT GENERATED BY DEFAULT AS IDENTITY PRIMARY KEY,
                       title VARCHAR(255) NOT NULL,
                       description VARCHAR(255),
                       priority VARCHAR(50) NOT NULL,
                       status VARCHAR(50) NOT NULL DEFAULT 'NEW',
                       owner_id BIGINT,
                       CONSTRAINT fk_tasks_owner FOREIGN KEY (owner_id) REFERENCES users(id)
)
2026-10-05T16:34:30.900+03:00 DEBUG 28932 --- [taskmanager] [main] o.f.c.i.s.DefaultSqlScriptExecutor       : 0 rows affected
2026-10-05T16:34:30.900+03:00 DEBUG 28932 --- [taskmanager] [main] o.f.c.i.s.DefaultSqlScriptExecutor       : Executing SQL: CREATE TABLE audit_logs (
                            id BIGINT GENERATED BY DEFAULT AS IDENTITY PRIMARY KEY,
                            action VARCHAR(255) NOT NULL,
                            task_id BIGINT,
                            created_at TIMESTAMP NOT NULL
)
2026-10-05T16:34:30.901+03:00 DEBUG 28932 --- [taskmanager] [main] o.f.c.i.s.DefaultSqlScriptExecutor       : 0 rows affected
2026-10-05T16:34:30.901+03:00 DEBUG 28932 --- [taskmanager] [main] o.f.c.i.s.DefaultSqlScriptExecutor       : Executing SQL: INSERT INTO tasks (title, description, priority, status)
VALUES ('Изучить Flyway', 'Первая миграция', 'HIGH', 'NEW'),
       ('Написать тесты', 'Потом', 'MEDIUM', 'NEW')
2026-10-05T16:34:30.901+03:00 DEBUG 28932 --- [taskmanager] [main] o.f.c.i.s.DefaultSqlScriptExecutor       : 2 rows affected
2026-10-05T16:34:30.902+03:00 DEBUG 28932 --- [taskmanager] [main] o.f.core.internal.command.DbMigrate      : Successfully completed migration of schema "PUBLIC" to version "1 - create tables"
2026-10-05T16:34:30.904+03:00 DEBUG 28932 --- [taskmanager] [main] o.f.c.i.s.JdbcTableSchemaHistory         : Schema History table "PUBLIC"."flyway_schema_history" successfully updated to reflect changes
2026-10-05T16:34:30.904+03:00 DEBUG 28932 --- [taskmanager] [main] o.f.c.a.c.ClassicConfiguration           : CherryPickConfigurationExtension not found
2026-10-05T16:34:30.907+03:00 DEBUG 28932 --- [taskmanager] [main] o.flywaydb.core.internal.parser.Parser   : Parsing V2__add_created_at_to_tasks.sql ...
2026-10-05T16:34:30.908+03:00 DEBUG 28932 --- [taskmanager] [main] o.f.c.i.sqlscript.ParserSqlScript        : Found statement at line 1: ALTER TABLE tasks ADD COLUMN created_at TIMESTAMP DEFAULT NOW()
2026-10-05T16:34:30.908+03:00 DEBUG 28932 --- [taskmanager] [main] o.f.core.internal.command.DbMigrate      : Starting migration of schema "PUBLIC" to version "2 - add created at to tasks" ...
2026-10-05T16:34:30.908+03:00  INFO 28932 --- [taskmanager] [main] o.f.core.internal.command.DbMigrate      : Migrating schema "PUBLIC" to version "2 - add created at to tasks"
2026-10-05T16:34:30.909+03:00 DEBUG 28932 --- [taskmanager] [main] o.f.c.i.s.DefaultSqlScriptExecutor       : Executing SQL: ALTER TABLE tasks ADD COLUMN created_at TIMESTAMP DEFAULT NOW()
2026-10-05T16:34:30.913+03:00 DEBUG 28932 --- [taskmanager] [main] o.f.c.i.s.DefaultSqlScriptExecutor       : 0 rows affected
2026-10-05T16:34:30.914+03:00 DEBUG 28932 --- [taskmanager] [main] o.f.core.internal.command.DbMigrate      : Successfully completed migration of schema "PUBLIC" to version "2 - add created at to tasks"
2026-10-05T16:34:30.914+03:00 DEBUG 28932 --- [taskmanager] [main] o.f.c.i.s.JdbcTableSchemaHistory         : Schema History table "PUBLIC"."flyway_schema_history" successfully updated to reflect changes
2026-10-05T16:34:30.915+03:00 DEBUG 28932 --- [taskmanager] [main] o.f.c.a.c.ClassicConfiguration           : CherryPickConfigurationExtension not found
2026-10-05T16:34:30.916+03:00 DEBUG 28932 --- [taskmanager] [main] o.flywaydb.core.internal.parser.Parser   : Parsing V3__create_refresh_tokens.sql ...
2026-10-05T16:34:30.917+03:00 DEBUG 28932 --- [taskmanager] [main] o.f.c.i.sqlscript.ParserSqlScript        : Found statement at line 1: CREATE TABLE refresh_tokens (
                                id BIGINT GENERATED BY DEFAULT AS IDENTITY PRIMARY KEY,
                                token VARCHAR(255) NOT NULL UNIQUE,
                                user_id BIGINT,
                                expires_at TIMESTAMP NOT NULL,
                                CONSTRAINT fk_refresh_user FOREIGN KEY (user_id) REFERENCES users(id)
)
2026-10-05T16:34:30.917+03:00 DEBUG 28932 --- [taskmanager] [main] o.f.core.internal.command.DbMigrate      : Starting migration of schema "PUBLIC" to version "3 - create refresh tokens" ...
2026-10-05T16:34:30.917+03:00  INFO 28932 --- [taskmanager] [main] o.f.core.internal.command.DbMigrate      : Migrating schema "PUBLIC" to version "3 - create refresh tokens"
2026-10-05T16:34:30.917+03:00 DEBUG 28932 --- [taskmanager] [main] o.f.c.i.s.DefaultSqlScriptExecutor       : Executing SQL: CREATE TABLE refresh_tokens (
                                id BIGINT GENERATED BY DEFAULT AS IDENTITY PRIMARY KEY,
                                token VARCHAR(255) NOT NULL UNIQUE,
                                user_id BIGINT,
                                expires_at TIMESTAMP NOT NULL,
                                CONSTRAINT fk_refresh_user FOREIGN KEY (user_id) REFERENCES users(id)
)
2026-10-05T16:34:30.919+03:00 DEBUG 28932 --- [taskmanager] [main] o.f.c.i.s.DefaultSqlScriptExecutor       : 0 rows affected
2026-10-05T16:34:30.920+03:00 DEBUG 28932 --- [taskmanager] [main] o.f.core.internal.command.DbMigrate      : Successfully completed migration of schema "PUBLIC" to version "3 - create refresh tokens"
2026-10-05T16:34:30.921+03:00 DEBUG 28932 --- [taskmanager] [main] o.f.c.i.s.JdbcTableSchemaHistory         : Schema History table "PUBLIC"."flyway_schema_history" successfully updated to reflect changes
2026-10-05T16:34:30.921+03:00 DEBUG 28932 --- [taskmanager] [main] o.f.c.a.c.ClassicConfiguration           : CherryPickConfigurationExtension not found
2026-10-05T16:34:30.924+03:00  INFO 28932 --- [taskmanager] [main] o.f.core.internal.command.DbMigrate      : Successfully applied 3 migrations to schema "PUBLIC", now at version v3 (execution time 00:00.020s)
2026-10-05T16:34:30.928+03:00 DEBUG 28932 --- [taskmanager] [main] org.flywaydb.core.FlywayExecutor         : Memory usage: 57 of 96M
2026-10-05T16:34:30.996+03:00  INFO 28932 --- [taskmanager] [main] org.hibernate.orm.jpa                    : HHH008540: Processing PersistenceUnitInfo [name: default]
2026-10-05T16:34:31.037+03:00  INFO 28932 --- [taskmanager] [main] org.hibernate.orm.core                   : HHH000001: Hibernate ORM core version 7.4.5.Final
2026-10-05T16:34:31.383+03:00  INFO 28932 --- [taskmanager] [main] o.s.o.j.p.SpringPersistenceUnitInfo      : No LoadTimeWeaver setup: ignoring JPA class transformer
2026-10-05T16:34:31.445+03:00  INFO 28932 --- [taskmanager] [main] org.hibernate.orm.connections.pooling    : HHH10001005: Database info:
	Database JDBC URL [jdbc:h2:mem:taskdb]
	Database driver: H2 JDBC Driver
	Database dialect: H2Dialect
	Database version: 2.4.240
	Default catalog/schema: TASKDB/PUBLIC
	Autocommit mode: undefined/unknown
	Isolation level: READ_COMMITTED [default READ_COMMITTED]
	JDBC fetch size: 100
	Pool: DataSourceConnectionProvider
	Minimum pool size: undefined/unknown
	Maximum pool size: undefined/unknown
2026-10-05T16:34:32.187+03:00  INFO 28932 --- [taskmanager] [main] org.hibernate.orm.core                   : HHH000489: No JTA platform available (set 'hibernate.transaction.jta.platform' to enable JTA platform integration)
2026-10-05T16:34:32.193+03:00  INFO 28932 --- [taskmanager] [main] j.LocalContainerEntityManagerFactoryBean : Initialized JPA EntityManagerFactory for persistence unit 'default'
2026-10-05T16:34:32.253+03:00  INFO 28932 --- [taskmanager] [main] o.s.d.j.r.query.QueryEnhancerFactories   : Hibernate is in classpath; If applicable, HQL parser will be used.
2026-10-05T16:34:32.464+03:00  INFO 28932 --- [taskmanager] [main] r$InitializeUserDetailsManagerConfigurer : Global AuthenticationManager configured with UserDetailsService bean with name userDetailsServiceImpl
2026-10-05T16:34:32.800+03:00 TRACE 28932 --- [taskmanager] [main] t.a.AnnotationTransactionAttributeSource : Adding transactional method 'com.example.taskmanager.service.RefreshTokenService.create' with attribute: PROPAGATION_REQUIRED,ISOLATION_DEFAULT
2026-10-05T16:34:32.808+03:00 TRACE 28932 --- [taskmanager] [main] t.a.AnnotationTransactionAttributeSource : Adding transactional method 'com.example.taskmanager.service.RefreshTokenService.verify' with attribute: PROPAGATION_REQUIRED,ISOLATION_DEFAULT
2026-10-05T16:34:32.809+03:00 TRACE 28932 --- [taskmanager] [main] t.a.AnnotationTransactionAttributeSource : Adding transactional method 'com.example.taskmanager.service.RefreshTokenService.deleteByUserId' with attribute: PROPAGATION_REQUIRED,ISOLATION_DEFAULT
2026-10-05T16:34:32.815+03:00 TRACE 28932 --- [taskmanager] [main] t.a.AnnotationTransactionAttributeSource : Adding transactional method 'com.example.taskmanager.service.AuthService.register' with attribute: PROPAGATION_REQUIRED,ISOLATION_DEFAULT
2026-10-05T16:34:32.816+03:00 TRACE 28932 --- [taskmanager] [main] t.a.AnnotationTransactionAttributeSource : Adding transactional method 'com.example.taskmanager.service.AuthService.refresh' with attribute: PROPAGATION_REQUIRED,ISOLATION_DEFAULT
2026-10-05T16:34:32.816+03:00 TRACE 28932 --- [taskmanager] [main] t.a.AnnotationTransactionAttributeSource : Adding transactional method 'com.example.taskmanager.service.AuthService.logout' with attribute: PROPAGATION_REQUIRED,ISOLATION_DEFAULT
2026-10-05T16:34:32.816+03:00 TRACE 28932 --- [taskmanager] [main] t.a.AnnotationTransactionAttributeSource : Adding transactional method 'com.example.taskmanager.service.AuthService.login' with attribute: PROPAGATION_REQUIRED,ISOLATION_DEFAULT
2026-10-05T16:34:33.106+03:00 TRACE 28932 --- [taskmanager] [main] t.a.AnnotationTransactionAttributeSource : Adding transactional method 'com.example.taskmanager.service.AuditService.logAction' with attribute: PROPAGATION_REQUIRES_NEW,ISOLATION_DEFAULT
2026-10-05T16:34:33.110+03:00 TRACE 28932 --- [taskmanager] [main] t.a.AnnotationTransactionAttributeSource : Adding transactional method 'com.example.taskmanager.service.TaskService.update' with attribute: PROPAGATION_REQUIRED,ISOLATION_DEFAULT
2026-10-05T16:34:33.115+03:00 TRACE 28932 --- [taskmanager] [main] t.a.AnnotationTransactionAttributeSource : Adding transactional method 'com.example.taskmanager.service.TaskService.delete' with attribute: PROPAGATION_REQUIRED,ISOLATION_DEFAULT
2026-10-05T16:34:33.115+03:00 TRACE 28932 --- [taskmanager] [main] t.a.AnnotationTransactionAttributeSource : Adding transactional method 'com.example.taskmanager.service.TaskService.create' with attribute: PROPAGATION_REQUIRED,ISOLATION_DEFAULT
2026-10-05T16:34:33.116+03:00 TRACE 28932 --- [taskmanager] [main] t.a.AnnotationTransactionAttributeSource : Adding transactional method 'com.example.taskmanager.service.TaskService.search' with attribute: PROPAGATION_REQUIRED,ISOLATION_DEFAULT,readOnly
2026-10-05T16:34:33.116+03:00 TRACE 28932 --- [taskmanager] [main] t.a.AnnotationTransactionAttributeSource : Adding transactional method 'com.example.taskmanager.service.TaskService.getAll' with attribute: PROPAGATION_REQUIRED,ISOLATION_DEFAULT,readOnly
2026-10-05T16:34:33.116+03:00 TRACE 28932 --- [taskmanager] [main] t.a.AnnotationTransactionAttributeSource : Adding transactional method 'com.example.taskmanager.service.TaskService.updateStatus' with attribute: PROPAGATION_REQUIRED,ISOLATION_DEFAULT
2026-10-05T16:34:33.116+03:00 TRACE 28932 --- [taskmanager] [main] t.a.AnnotationTransactionAttributeSource : Adding transactional method 'com.example.taskmanager.service.TaskService.getById' with attribute: PROPAGATION_REQUIRED,ISOLATION_DEFAULT,readOnly
2026-10-05T16:34:33.116+03:00 TRACE 28932 --- [taskmanager] [main] t.a.AnnotationTransactionAttributeSource : Adding transactional method 'com.example.taskmanager.service.TaskService.getMy' with attribute: PROPAGATION_REQUIRED,ISOLATION_DEFAULT,readOnly
2026-10-05T16:34:33.116+03:00 TRACE 28932 --- [taskmanager] [main] t.a.AnnotationTransactionAttributeSource : Adding transactional method 'com.example.taskmanager.service.TaskService.getStats' with attribute: PROPAGATION_REQUIRED,ISOLATION_DEFAULT,readOnly
2026-10-05T16:34:33.117+03:00 TRACE 28932 --- [taskmanager] [main] t.a.AnnotationTransactionAttributeSource : Adding transactional method 'com.example.taskmanager.service.TaskService.getAllPaged' with attribute: PROPAGATION_REQUIRED,ISOLATION_DEFAULT,readOnly
2026-10-05T16:34:33.213+03:00  WARN 28932 --- [taskmanager] [main] JpaBaseConfiguration$JpaWebConfiguration : spring.jpa.open-in-view is enabled by default. Therefore, database queries may be performed during view rendering. Explicitly configure spring.jpa.open-in-view to disable this warning
2026-10-05T16:34:33.410+03:00 DEBUG 28932 --- [taskmanager] [main] o.s.s.web.DefaultSecurityFilterChain     : Will secure any request with filters: DisableEncodeUrlFilter, WebAsyncManagerIntegrationFilter, SecurityContextHolderFilter, HeaderWriterFilter, LogoutFilter, JwtAuthFilter, UsernamePasswordAuthenticationFilter, RequestCacheAwareFilter, SecurityContextHolderAwareRequestFilter, AnonymousAuthenticationFilter, SessionManagementFilter, ExceptionTranslationFilter, AuthorizationFilter
2026-10-05T16:34:33.841+03:00  INFO 28932 --- [taskmanager] [main] o.s.b.h.a.H2ConsoleAutoConfiguration     : H2 console available at '/h2-console'. Database available at 'jdbc:h2:mem:taskdb'
2026-10-05T16:34:33.899+03:00  INFO 28932 --- [taskmanager] [main] o.s.boot.tomcat.TomcatWebServer          : Tomcat started on port 8080 (http) with context path '/'
2026-10-05T16:34:33.904+03:00  INFO 28932 --- [taskmanager] [main] c.e.taskmanager.TaskmanagerApplication   : Started TaskmanagerApplication in 5.228 seconds (process running for 5.68)
2026-10-05T16:34:33.908+03:00 TRACE 28932 --- [taskmanager] [main] o.s.t.i.TransactionInterceptor           : No need to create transaction for [org.springframework.data.jpa.repository.support.SimpleJpaRepository.findByEmail]: This method is not transactional.
2026-10-05T16:34:34.074+03:00 TRACE 28932 --- [taskmanager] [main] o.s.t.i.TransactionInterceptor           : Getting transaction for [org.springframework.data.jpa.repository.support.SimpleJpaRepository.save]
2026-10-05T16:34:34.103+03:00 TRACE 28932 --- [taskmanager] [main] o.s.t.i.TransactionInterceptor           : Completing transaction for [org.springframework.data.jpa.repository.support.SimpleJpaRepository.save]
2026-10-05T16:34:34.109+03:00 TRACE 28932 --- [taskmanager] [main] o.s.t.i.TransactionInterceptor           : No need to create transaction for [org.springframework.data.jpa.repository.support.SimpleJpaRepository.findByEmail]: This method is not transactional.
2026-10-05T16:34:34.173+03:00 TRACE 28932 --- [taskmanager] [main] o.s.t.i.TransactionInterceptor           : Getting transaction for [org.springframework.data.jpa.repository.support.SimpleJpaRepository.save]
2026-10-05T16:34:34.174+03:00 TRACE 28932 --- [taskmanager] [main] o.s.t.i.TransactionInterceptor           : Completing transaction for [org.springframework.data.jpa.repository.support.SimpleJpaRepository.save]
2026-10-05T16:34:34.175+03:00  WARN 28932 --- [taskmanager] [main] o.s.core.events.SpringDocAppInitializer  : SpringDoc /v3/api-docs endpoint is enabled by default. To disable it in production, set the property 'springdoc.api-docs.enabled=false'
2026-10-05T16:34:34.175+03:00  WARN 28932 --- [taskmanager] [main] o.s.core.events.SpringDocAppInitializer  : SpringDoc /swagger-ui.html endpoint is enabled by default. To disable it in production, set the property 'springdoc.swagger-ui.enabled=false'
2026-10-05T16:34:38.022+03:00  INFO 28932 --- [taskmanager] [http-nio-8080-exec-1] o.a.c.c.C.[Tomcat].[localhost].[/]       : Initializing Spring DispatcherServlet 'dispatcherServlet'
2026-10-05T16:34:38.022+03:00  INFO 28932 --- [taskmanager] [http-nio-8080-exec-1] o.s.web.servlet.DispatcherServlet        : Initializing Servlet 'dispatcherServlet'
2026-10-05T16:34:38.023+03:00  INFO 28932 --- [taskmanager] [http-nio-8080-exec-1] o.s.web.servlet.DispatcherServlet        : Completed initialization in 1 ms
2026-10-05T16:34:38.031+03:00 DEBUG 28932 --- [taskmanager] [http-nio-8080-exec-1] o.s.security.web.FilterChainProxy        : Securing GET /web/tasks
2026-10-05T16:34:38.038+03:00 DEBUG 28932 --- [taskmanager] [http-nio-8080-exec-1] o.s.s.w.a.AnonymousAuthenticationFilter  : Set SecurityContextHolder to anonymous SecurityContext
2026-10-05T16:34:38.038+03:00 DEBUG 28932 --- [taskmanager] [http-nio-8080-exec-1] o.s.s.w.session.SessionManagementFilter  : Request requested invalid session id BCBEA43966B7F9D3D468A1524D68CF49
2026-10-05T16:34:38.054+03:00 DEBUG 28932 --- [taskmanager] [http-nio-8080-exec-1] o.s.s.w.s.HttpSessionRequestCache        : Saved request http://localhost:8080/web/tasks?continue to session
2026-10-05T16:34:38.060+03:00 DEBUG 28932 --- [taskmanager] [http-nio-8080-exec-2] o.s.security.web.FilterChainProxy        : Securing GET /login
2026-10-05T16:34:38.060+03:00 DEBUG 28932 --- [taskmanager] [http-nio-8080-exec-2] o.s.s.w.a.AnonymousAuthenticationFilter  : Set SecurityContextHolder to anonymous SecurityContext
2026-10-05T16:34:38.060+03:00 DEBUG 28932 --- [taskmanager] [http-nio-8080-exec-2] o.s.security.web.FilterChainProxy        : Secured GET /login
2026-10-05T16:34:38.301+03:00 DEBUG 28932 --- [taskmanager] [http-nio-8080-exec-10] o.s.security.web.FilterChainProxy        : Securing GET /css/style.css
2026-10-05T16:34:38.301+03:00 DEBUG 28932 --- [taskmanager] [http-nio-8080-exec-10] o.s.s.w.a.AnonymousAuthenticationFilter  : Set SecurityContextHolder to anonymous SecurityContext
2026-10-05T16:34:38.302+03:00 DEBUG 28932 --- [taskmanager] [http-nio-8080-exec-10] o.s.security.web.FilterChainProxy        : Secured GET /css/style.css
2026-10-05T16:34:51.504+03:00 DEBUG 28932 --- [taskmanager] [http-nio-8080-exec-4] o.s.security.web.FilterChainProxy        : Securing POST /login
2026-10-05T16:34:51.575+03:00 TRACE 28932 --- [taskmanager] [http-nio-8080-exec-4] o.s.t.i.TransactionInterceptor           : No need to create transaction for [org.springframework.data.jpa.repository.support.SimpleJpaRepository.findByEmail]: This method is not transactional.
2026-10-05T16:34:51.639+03:00 DEBUG 28932 --- [taskmanager] [http-nio-8080-exec-4] o.s.s.a.dao.DaoAuthenticationProvider    : Authenticated user
2026-10-05T16:34:51.640+03:00 DEBUG 28932 --- [taskmanager] [http-nio-8080-exec-4] .s.ChangeSessionIdAuthenticationStrategy : Changed session id from 175ECE611456FF98E9804B0F4A5F5B34
2026-10-05T16:34:51.640+03:00 DEBUG 28932 --- [taskmanager] [http-nio-8080-exec-4] w.c.HttpSessionSecurityContextRepository : Stored SecurityContextImpl [Authentication=UsernamePasswordAuthenticationToken [Principal=com.example.taskmanager.model.User@7255cd9f, Credentials=[PROTECTED], Authenticated=true, Details=WebAuthenticationDetails [RemoteIpAddress=127.0.0.1, SessionId=175ECE611456FF98E9804B0F4A5F5B34], Granted Authorities=[ROLE_USER, FactorGrantedAuthority [authority=FACTOR_PASSWORD, issuedAt=2026-10-05T13:34:51.639917900Z]]]] to HttpSession [org.apache.catalina.session.StandardSessionFacade@6dd7fb39]
2026-10-05T16:34:51.640+03:00 DEBUG 28932 --- [taskmanager] [http-nio-8080-exec-4] w.a.UsernamePasswordAuthenticationFilter : Set SecurityContextHolder to UsernamePasswordAuthenticationToken [Principal=com.example.taskmanager.model.User@7255cd9f, Credentials=[PROTECTED], Authenticated=true, Details=WebAuthenticationDetails [RemoteIpAddress=127.0.0.1, SessionId=175ECE611456FF98E9804B0F4A5F5B34], Granted Authorities=[ROLE_USER, FactorGrantedAuthority [authority=FACTOR_PASSWORD, issuedAt=2026-10-05T13:34:51.639917900Z]]]
2026-10-05T16:34:51.641+03:00 DEBUG 28932 --- [taskmanager] [http-nio-8080-exec-4] o.s.s.web.DefaultRedirectStrategy        : Redirecting to /web/tasks
2026-10-05T16:34:51.644+03:00 DEBUG 28932 --- [taskmanager] [http-nio-8080-exec-5] o.s.security.web.FilterChainProxy        : Securing GET /web/tasks
2026-10-05T16:34:51.644+03:00 DEBUG 28932 --- [taskmanager] [http-nio-8080-exec-5] w.c.HttpSessionSecurityContextRepository : Retrieved SecurityContextImpl [Authentication=UsernamePasswordAuthenticationToken [Principal=com.example.taskmanager.model.User@7255cd9f, Credentials=[PROTECTED], Authenticated=true, Details=WebAuthenticationDetails [RemoteIpAddress=127.0.0.1, SessionId=175ECE611456FF98E9804B0F4A5F5B34], Granted Authorities=[ROLE_USER, FactorGrantedAuthority [authority=FACTOR_PASSWORD, issuedAt=2026-10-05T13:34:51.639917900Z]]]]
2026-10-05T16:34:51.644+03:00 DEBUG 28932 --- [taskmanager] [http-nio-8080-exec-5] o.s.security.web.FilterChainProxy        : Secured GET /web/tasks
2026-10-05T16:34:51.648+03:00 TRACE 28932 --- [taskmanager] [http-nio-8080-exec-5] o.s.t.i.TransactionInterceptor           : Getting transaction for [com.example.taskmanager.service.TaskService.getAll]
2026-10-05T16:34:51.650+03:00  INFO 28932 --- [taskmanager] [http-nio-8080-exec-5] c.e.taskmanager.aspect.LoggingAspect     : → getAll called with args: [null, null]
2026-10-05T16:34:51.650+03:00 TRACE 28932 --- [taskmanager] [http-nio-8080-exec-5] o.s.t.i.TransactionInterceptor           : No need to create transaction for [org.springframework.data.jpa.repository.support.SimpleJpaRepository.findByEmail]: This method is not transactional.
2026-10-05T16:34:51.653+03:00 TRACE 28932 --- [taskmanager] [http-nio-8080-exec-5] o.s.t.i.TransactionInterceptor           : Getting transaction for [org.springframework.data.jpa.repository.support.SimpleJpaRepository.findAll]
2026-10-05T16:34:51.669+03:00 TRACE 28932 --- [taskmanager] [http-nio-8080-exec-5] o.s.t.i.TransactionInterceptor           : Completing transaction for [org.springframework.data.jpa.repository.support.SimpleJpaRepository.findAll]
2026-10-05T16:34:51.670+03:00  INFO 28932 --- [taskmanager] [http-nio-8080-exec-5] c.e.taskmanager.aspect.LoggingAspect     : ← getAll finished
2026-10-05T16:34:51.670+03:00  INFO 28932 --- [taskmanager] [http-nio-8080-exec-5] c.e.taskmanager.aspect.LoggingAspect     : ⏱ getAll completed in 21ms
2026-10-05T16:34:51.670+03:00 TRACE 28932 --- [taskmanager] [http-nio-8080-exec-5] o.s.t.i.TransactionInterceptor           : Completing transaction for [com.example.taskmanager.service.TaskService.getAll]
2026-10-05T16:34:51.737+03:00 DEBUG 28932 --- [taskmanager] [http-nio-8080-exec-6] o.s.security.web.FilterChainProxy        : Securing GET /css/style.css
2026-10-05T16:34:51.738+03:00 DEBUG 28932 --- [taskmanager] [http-nio-8080-exec-6] o.s.security.web.FilterChainProxy        : Secured GET /css/style.css
2026-10-05T16:34:51.744+03:00 DEBUG 28932 --- [taskmanager] [http-nio-8080-exec-6] w.c.HttpSessionSecurityContextRepository : Retrieved SecurityContextImpl [Authentication=UsernamePasswordAuthenticationToken [Principal=com.example.taskmanager.model.User@7255cd9f, Credentials=[PROTECTED], Authenticated=true, Details=WebAuthenticationDetails [RemoteIpAddress=127.0.0.1, SessionId=175ECE611456FF98E9804B0F4A5F5B34], Granted Authorities=[ROLE_USER, FactorGrantedAuthority [authority=FACTOR_PASSWORD, issuedAt=2026-10-05T13:34:51.639917900Z]]]]
2026-10-05T16:34:54.037+03:00 DEBUG 28932 --- [taskmanager] [http-nio-8080-exec-7] o.s.security.web.FilterChainProxy        : Securing GET /web/tasks/new
2026-10-05T16:34:54.037+03:00 DEBUG 28932 --- [taskmanager] [http-nio-8080-exec-7] w.c.HttpSessionSecurityContextRepository : Retrieved SecurityContextImpl [Authentication=UsernamePasswordAuthenticationToken [Principal=com.example.taskmanager.model.User@7255cd9f, Credentials=[PROTECTED], Authenticated=true, Details=WebAuthenticationDetails [RemoteIpAddress=127.0.0.1, SessionId=175ECE611456FF98E9804B0F4A5F5B34], Granted Authorities=[ROLE_USER, FactorGrantedAuthority [authority=FACTOR_PASSWORD, issuedAt=2026-10-05T13:34:51.639917900Z]]]]
2026-10-05T16:34:54.037+03:00 DEBUG 28932 --- [taskmanager] [http-nio-8080-exec-7] o.s.security.web.FilterChainProxy        : Secured GET /web/tasks/new
2026-10-05T16:34:54.108+03:00 DEBUG 28932 --- [taskmanager] [http-nio-8080-exec-8] o.s.security.web.FilterChainProxy        : Securing GET /css/style.css
2026-10-05T16:34:54.108+03:00 DEBUG 28932 --- [taskmanager] [http-nio-8080-exec-8] o.s.security.web.FilterChainProxy        : Secured GET /css/style.css
2026-10-05T16:34:54.110+03:00 DEBUG 28932 --- [taskmanager] [http-nio-8080-exec-8] w.c.HttpSessionSecurityContextRepository : Retrieved SecurityContextImpl [Authentication=UsernamePasswordAuthenticationToken [Principal=com.example.taskmanager.model.User@7255cd9f, Credentials=[PROTECTED], Authenticated=true, Details=WebAuthenticationDetails [RemoteIpAddress=127.0.0.1, SessionId=175ECE611456FF98E9804B0F4A5F5B34], Granted Authorities=[ROLE_USER, FactorGrantedAuthority [authority=FACTOR_PASSWORD, issuedAt=2026-10-05T13:34:51.639917900Z]]]]
2026-10-05T16:34:56.011+03:00 DEBUG 28932 --- [taskmanager] [http-nio-8080-exec-9] o.s.security.web.FilterChainProxy        : Securing POST /web/tasks
2026-10-05T16:34:56.011+03:00 DEBUG 28932 --- [taskmanager] [http-nio-8080-exec-9] w.c.HttpSessionSecurityContextRepository : Retrieved SecurityContextImpl [Authentication=UsernamePasswordAuthenticationToken [Principal=com.example.taskmanager.model.User@7255cd9f, Credentials=[PROTECTED], Authenticated=true, Details=WebAuthenticationDetails [RemoteIpAddress=127.0.0.1, SessionId=175ECE611456FF98E9804B0F4A5F5B34], Granted Authorities=[ROLE_USER, FactorGrantedAuthority [authority=FACTOR_PASSWORD, issuedAt=2026-10-05T13:34:51.639917900Z]]]]
2026-10-05T16:34:56.011+03:00 DEBUG 28932 --- [taskmanager] [http-nio-8080-exec-9] o.s.security.web.FilterChainProxy        : Secured POST /web/tasks
2026-10-05T16:34:56.039+03:00 TRACE 28932 --- [taskmanager] [http-nio-8080-exec-9] o.s.t.i.TransactionInterceptor           : Getting transaction for [com.example.taskmanager.service.TaskService.create]
2026-10-05T16:34:56.055+03:00  INFO 28932 --- [taskmanager] [http-nio-8080-exec-9] c.e.t.aspect.AnnotationLoggingAspect     : [LOGGABLE] → TaskService.create(..)
2026-10-05T16:34:56.055+03:00  INFO 28932 --- [taskmanager] [http-nio-8080-exec-9] c.e.taskmanager.aspect.LoggingAspect     : → create called with args: [com.example.taskmanager.dto.TaskRequest@189b326c]
2026-10-05T16:34:56.056+03:00 TRACE 28932 --- [taskmanager] [http-nio-8080-exec-9] o.s.t.i.TransactionInterceptor           : No need to create transaction for [org.springframework.data.jpa.repository.support.SimpleJpaRepository.findByEmail]: This method is not transactional.
2026-10-05T16:34:56.057+03:00 TRACE 28932 --- [taskmanager] [http-nio-8080-exec-9] o.s.t.i.TransactionInterceptor           : Getting transaction for [org.springframework.data.jpa.repository.support.SimpleJpaRepository.save]
2026-10-05T16:34:56.059+03:00 TRACE 28932 --- [taskmanager] [http-nio-8080-exec-9] o.s.t.i.TransactionInterceptor           : Completing transaction for [org.springframework.data.jpa.repository.support.SimpleJpaRepository.save]
2026-10-05T16:34:56.060+03:00 TRACE 28932 --- [taskmanager] [http-nio-8080-exec-9] o.s.t.i.TransactionInterceptor           : Getting transaction for [com.example.taskmanager.service.AuditService.logAction]
2026-10-05T16:34:56.060+03:00 TRACE 28932 --- [taskmanager] [http-nio-8080-exec-9] o.s.t.i.TransactionInterceptor           : Getting transaction for [org.springframework.data.jpa.repository.support.SimpleJpaRepository.save]
2026-10-05T16:34:56.062+03:00 TRACE 28932 --- [taskmanager] [http-nio-8080-exec-9] o.s.t.i.TransactionInterceptor           : Completing transaction for [org.springframework.data.jpa.repository.support.SimpleJpaRepository.save]
2026-10-05T16:34:56.062+03:00 TRACE 28932 --- [taskmanager] [http-nio-8080-exec-9] o.s.t.i.TransactionInterceptor           : Completing transaction for [com.example.taskmanager.service.AuditService.logAction]
2026-10-05T16:34:56.063+03:00  INFO 28932 --- [taskmanager] [http-nio-8080-exec-9] c.e.taskmanager.aspect.LoggingAspect     : ← create finished
2026-10-05T16:34:56.063+03:00  INFO 28932 --- [taskmanager] [http-nio-8080-exec-9] c.e.taskmanager.aspect.LoggingAspect     : ⏱ create completed in 8ms
2026-10-05T16:34:56.063+03:00  INFO 28932 --- [taskmanager] [http-nio-8080-exec-9] c.e.t.aspect.AnnotationLoggingAspect     : [LOGGABLE] ← TaskService.create(..) (8ms)
2026-10-05T16:34:56.063+03:00 TRACE 28932 --- [taskmanager] [http-nio-8080-exec-9] o.s.t.i.TransactionInterceptor           : Completing transaction for [com.example.taskmanager.service.TaskService.create]
2026-10-05T16:34:56.074+03:00 DEBUG 28932 --- [taskmanager] [http-nio-8080-exec-3] o.s.security.web.FilterChainProxy        : Securing GET /web/tasks
2026-10-05T16:34:56.075+03:00 DEBUG 28932 --- [taskmanager] [http-nio-8080-exec-3] w.c.HttpSessionSecurityContextRepository : Retrieved SecurityContextImpl [Authentication=UsernamePasswordAuthenticationToken [Principal=com.example.taskmanager.model.User@7255cd9f, Credentials=[PROTECTED], Authenticated=true, Details=WebAuthenticationDetails [RemoteIpAddress=127.0.0.1, SessionId=175ECE611456FF98E9804B0F4A5F5B34], Granted Authorities=[ROLE_USER, FactorGrantedAuthority [authority=FACTOR_PASSWORD, issuedAt=2026-10-05T13:34:51.639917900Z]]]]
2026-10-05T16:34:56.075+03:00 DEBUG 28932 --- [taskmanager] [http-nio-8080-exec-3] o.s.security.web.FilterChainProxy        : Secured GET /web/tasks
2026-10-05T16:34:56.077+03:00 TRACE 28932 --- [taskmanager] [http-nio-8080-exec-3] o.s.t.i.TransactionInterceptor           : Getting transaction for [com.example.taskmanager.service.TaskService.getAll]
2026-10-05T16:34:56.077+03:00  INFO 28932 --- [taskmanager] [http-nio-8080-exec-3] c.e.taskmanager.aspect.LoggingAspect     : → getAll called with args: [null, null]
2026-10-05T16:34:56.077+03:00 TRACE 28932 --- [taskmanager] [http-nio-8080-exec-3] o.s.t.i.TransactionInterceptor           : No need to create transaction for [org.springframework.data.jpa.repository.support.SimpleJpaRepository.findByEmail]: This method is not transactional.
2026-10-05T16:34:56.078+03:00 TRACE 28932 --- [taskmanager] [http-nio-8080-exec-3] o.s.t.i.TransactionInterceptor           : Getting transaction for [org.springframework.data.jpa.repository.support.SimpleJpaRepository.findAll]
2026-10-05T16:34:56.081+03:00 TRACE 28932 --- [taskmanager] [http-nio-8080-exec-3] o.s.t.i.TransactionInterceptor           : Completing transaction for [org.springframework.data.jpa.repository.support.SimpleJpaRepository.findAll]
2026-10-05T16:34:56.081+03:00  INFO 28932 --- [taskmanager] [http-nio-8080-exec-3] c.e.taskmanager.aspect.LoggingAspect     : ← getAll finished
2026-10-05T16:34:56.081+03:00  INFO 28932 --- [taskmanager] [http-nio-8080-exec-3] c.e.taskmanager.aspect.LoggingAspect     : ⏱ getAll completed in 4ms
2026-10-05T16:34:56.081+03:00 TRACE 28932 --- [taskmanager] [http-nio-8080-exec-3] o.s.t.i.TransactionInterceptor           : Completing transaction for [com.example.taskmanager.service.TaskService.getAll]
2026-10-05T16:34:56.136+03:00 DEBUG 28932 --- [taskmanager] [http-nio-8080-exec-1] o.s.security.web.FilterChainProxy        : Securing GET /css/style.css
2026-10-05T16:34:56.136+03:00 DEBUG 28932 --- [taskmanager] [http-nio-8080-exec-1] o.s.security.web.FilterChainProxy        : Secured GET /css/style.css
2026-10-05T16:34:56.139+03:00 DEBUG 28932 --- [taskmanager] [http-nio-8080-exec-1] w.c.HttpSessionSecurityContextRepository : Retrieved SecurityContextImpl [Authentication=UsernamePasswordAuthenticationToken [Principal=com.example.taskmanager.model.User@7255cd9f, Credentials=[PROTECTED], Authenticated=true, Details=WebAuthenticationDetails [RemoteIpAddress=127.0.0.1, SessionId=175ECE611456FF98E9804B0F4A5F5B34], Granted Authorities=[ROLE_USER, FactorGrantedAuthority [authority=FACTOR_PASSWORD, issuedAt=2026-10-05T13:34:51.639917900Z]]]]
2026-10-05T16:34:57.944+03:00 DEBUG 28932 --- [taskmanager] [http-nio-8080-exec-2] o.s.security.web.FilterChainProxy        : Securing GET /web/tasks/3/edit
2026-10-05T16:34:57.945+03:00 DEBUG 28932 --- [taskmanager] [http-nio-8080-exec-2] w.c.HttpSessionSecurityContextRepository : Retrieved SecurityContextImpl [Authentication=UsernamePasswordAuthenticationToken [Principal=com.example.taskmanager.model.User@7255cd9f, Credentials=[PROTECTED], Authenticated=true, Details=WebAuthenticationDetails [RemoteIpAddress=127.0.0.1, SessionId=175ECE611456FF98E9804B0F4A5F5B34], Granted Authorities=[ROLE_USER, FactorGrantedAuthority [authority=FACTOR_PASSWORD, issuedAt=2026-10-05T13:34:51.639917900Z]]]]
2026-10-05T16:34:57.945+03:00 DEBUG 28932 --- [taskmanager] [http-nio-8080-exec-2] o.s.security.web.FilterChainProxy        : Secured GET /web/tasks/3/edit
2026-10-05T16:34:57.947+03:00 TRACE 28932 --- [taskmanager] [http-nio-8080-exec-2] o.s.t.i.TransactionInterceptor           : Getting transaction for [com.example.taskmanager.service.TaskService.getById]
2026-10-05T16:34:57.948+03:00  INFO 28932 --- [taskmanager] [http-nio-8080-exec-2] c.e.taskmanager.aspect.LoggingAspect     : → getById called with args: [3]
2026-10-05T16:34:57.949+03:00 TRACE 28932 --- [taskmanager] [http-nio-8080-exec-2] o.s.t.i.TransactionInterceptor           : Getting transaction for [org.springframework.data.jpa.repository.support.SimpleJpaRepository.findById]
2026-10-05T16:34:57.956+03:00 TRACE 28932 --- [taskmanager] [http-nio-8080-exec-2] o.s.t.i.TransactionInterceptor           : Completing transaction for [org.springframework.data.jpa.repository.support.SimpleJpaRepository.findById]
2026-10-05T16:34:57.956+03:00 TRACE 28932 --- [taskmanager] [http-nio-8080-exec-2] o.s.t.i.TransactionInterceptor           : No need to create transaction for [org.springframework.data.jpa.repository.support.SimpleJpaRepository.findByEmail]: This method is not transactional.
2026-10-05T16:34:57.957+03:00  INFO 28932 --- [taskmanager] [http-nio-8080-exec-2] c.e.taskmanager.aspect.LoggingAspect     : ← getById finished
2026-10-05T16:34:57.958+03:00  INFO 28932 --- [taskmanager] [http-nio-8080-exec-2] c.e.taskmanager.aspect.LoggingAspect     : ⏱ getById completed in 10ms
2026-10-05T16:34:57.958+03:00 TRACE 28932 --- [taskmanager] [http-nio-8080-exec-2] o.s.t.i.TransactionInterceptor           : Completing transaction for [com.example.taskmanager.service.TaskService.getById]
2026-10-05T16:34:57.990+03:00 DEBUG 28932 --- [taskmanager] [http-nio-8080-exec-10] o.s.security.web.FilterChainProxy        : Securing GET /css/style.css
2026-10-05T16:34:57.990+03:00 DEBUG 28932 --- [taskmanager] [http-nio-8080-exec-10] o.s.security.web.FilterChainProxy        : Secured GET /css/style.css
2026-10-05T16:34:57.993+03:00 DEBUG 28932 --- [taskmanager] [http-nio-8080-exec-10] w.c.HttpSessionSecurityContextRepository : Retrieved SecurityContextImpl [Authentication=UsernamePasswordAuthenticationToken [Principal=com.example.taskmanager.model.User@7255cd9f, Credentials=[PROTECTED], Authenticated=true, Details=WebAuthenticationDetails [RemoteIpAddress=127.0.0.1, SessionId=175ECE611456FF98E9804B0F4A5F5B34], Granted Authorities=[ROLE_USER, FactorGrantedAuthority [authority=FACTOR_PASSWORD, issuedAt=2026-10-05T13:34:51.639917900Z]]]]
2026-10-05T16:34:59.582+03:00 DEBUG 28932 --- [taskmanager] [http-nio-8080-exec-4] o.s.security.web.FilterChainProxy        : Securing POST /web/tasks/3
2026-10-05T16:34:59.584+03:00 DEBUG 28932 --- [taskmanager] [http-nio-8080-exec-4] w.c.HttpSessionSecurityContextRepository : Retrieved SecurityContextImpl [Authentication=UsernamePasswordAuthenticationToken [Principal=com.example.taskmanager.model.User@7255cd9f, Credentials=[PROTECTED], Authenticated=true, Details=WebAuthenticationDetails [RemoteIpAddress=127.0.0.1, SessionId=175ECE611456FF98E9804B0F4A5F5B34], Granted Authorities=[ROLE_USER, FactorGrantedAuthority [authority=FACTOR_PASSWORD, issuedAt=2026-10-05T13:34:51.639917900Z]]]]
2026-10-05T16:34:59.584+03:00 DEBUG 28932 --- [taskmanager] [http-nio-8080-exec-4] o.s.security.web.FilterChainProxy        : Secured POST /web/tasks/3
2026-10-05T16:34:59.589+03:00 TRACE 28932 --- [taskmanager] [http-nio-8080-exec-4] o.s.t.i.TransactionInterceptor           : Getting transaction for [com.example.taskmanager.service.TaskService.update]
2026-10-05T16:34:59.590+03:00  INFO 28932 --- [taskmanager] [http-nio-8080-exec-4] c.e.taskmanager.aspect.LoggingAspect     : → update called with args: [3, com.example.taskmanager.dto.TaskRequest@3b0597f9]
2026-10-05T16:34:59.590+03:00 TRACE 28932 --- [taskmanager] [http-nio-8080-exec-4] o.s.t.i.TransactionInterceptor           : Getting transaction for [org.springframework.data.jpa.repository.support.SimpleJpaRepository.findById]
2026-10-05T16:34:59.591+03:00 TRACE 28932 --- [taskmanager] [http-nio-8080-exec-4] o.s.t.i.TransactionInterceptor           : Completing transaction for [org.springframework.data.jpa.repository.support.SimpleJpaRepository.findById]
2026-10-05T16:34:59.593+03:00 TRACE 28932 --- [taskmanager] [http-nio-8080-exec-4] o.s.t.i.TransactionInterceptor           : No need to create transaction for [org.springframework.data.jpa.repository.support.SimpleJpaRepository.findByEmail]: This method is not transactional.
2026-10-05T16:34:59.595+03:00 TRACE 28932 --- [taskmanager] [http-nio-8080-exec-4] o.s.t.i.TransactionInterceptor           : Getting transaction for [org.springframework.data.jpa.repository.support.SimpleJpaRepository.save]
2026-10-05T16:34:59.596+03:00 TRACE 28932 --- [taskmanager] [http-nio-8080-exec-4] o.s.t.i.TransactionInterceptor           : Completing transaction for [org.springframework.data.jpa.repository.support.SimpleJpaRepository.save]
2026-10-05T16:34:59.596+03:00  INFO 28932 --- [taskmanager] [http-nio-8080-exec-4] c.e.taskmanager.aspect.LoggingAspect     : ← update finished
2026-10-05T16:34:59.596+03:00  INFO 28932 --- [taskmanager] [http-nio-8080-exec-4] c.e.taskmanager.aspect.LoggingAspect     : ⏱ update completed in 6ms
2026-10-05T16:34:59.596+03:00 TRACE 28932 --- [taskmanager] [http-nio-8080-exec-4] o.s.t.i.TransactionInterceptor           : Completing transaction for [com.example.taskmanager.service.TaskService.update]
2026-10-05T16:34:59.601+03:00 DEBUG 28932 --- [taskmanager] [http-nio-8080-exec-5] o.s.security.web.FilterChainProxy        : Securing GET /web/tasks
2026-10-05T16:34:59.602+03:00 DEBUG 28932 --- [taskmanager] [http-nio-8080-exec-5] w.c.HttpSessionSecurityContextRepository : Retrieved SecurityContextImpl [Authentication=UsernamePasswordAuthenticationToken [Principal=com.example.taskmanager.model.User@7255cd9f, Credentials=[PROTECTED], Authenticated=true, Details=WebAuthenticationDetails [RemoteIpAddress=127.0.0.1, SessionId=175ECE611456FF98E9804B0F4A5F5B34], Granted Authorities=[ROLE_USER, FactorGrantedAuthority [authority=FACTOR_PASSWORD, issuedAt=2026-10-05T13:34:51.639917900Z]]]]
2026-10-05T16:34:59.602+03:00 DEBUG 28932 --- [taskmanager] [http-nio-8080-exec-5] o.s.security.web.FilterChainProxy        : Secured GET /web/tasks
2026-10-05T16:34:59.602+03:00 TRACE 28932 --- [taskmanager] [http-nio-8080-exec-5] o.s.t.i.TransactionInterceptor           : Getting transaction for [com.example.taskmanager.service.TaskService.getAll]
2026-10-05T16:34:59.603+03:00  INFO 28932 --- [taskmanager] [http-nio-8080-exec-5] c.e.taskmanager.aspect.LoggingAspect     : → getAll called with args: [null, null]
2026-10-05T16:34:59.603+03:00 TRACE 28932 --- [taskmanager] [http-nio-8080-exec-5] o.s.t.i.TransactionInterceptor           : No need to create transaction for [org.springframework.data.jpa.repository.support.SimpleJpaRepository.findByEmail]: This method is not transactional.
2026-10-05T16:34:59.604+03:00 TRACE 28932 --- [taskmanager] [http-nio-8080-exec-5] o.s.t.i.TransactionInterceptor           : Getting transaction for [org.springframework.data.jpa.repository.support.SimpleJpaRepository.findAll]
2026-10-05T16:34:59.606+03:00 TRACE 28932 --- [taskmanager] [http-nio-8080-exec-5] o.s.t.i.TransactionInterceptor           : Completing transaction for [org.springframework.data.jpa.repository.support.SimpleJpaRepository.findAll]
2026-10-05T16:34:59.606+03:00  INFO 28932 --- [taskmanager] [http-nio-8080-exec-5] c.e.taskmanager.aspect.LoggingAspect     : ← getAll finished
2026-10-05T16:34:59.606+03:00  INFO 28932 --- [taskmanager] [http-nio-8080-exec-5] c.e.taskmanager.aspect.LoggingAspect     : ⏱ getAll completed in 3ms
2026-10-05T16:34:59.606+03:00 TRACE 28932 --- [taskmanager] [http-nio-8080-exec-5] o.s.t.i.TransactionInterceptor           : Completing transaction for [com.example.taskmanager.service.TaskService.getAll]
2026-10-05T16:34:59.655+03:00 DEBUG 28932 --- [taskmanager] [http-nio-8080-exec-6] o.s.security.web.FilterChainProxy        : Securing GET /css/style.css
2026-10-05T16:34:59.656+03:00 DEBUG 28932 --- [taskmanager] [http-nio-8080-exec-6] o.s.security.web.FilterChainProxy        : Secured GET /css/style.css
2026-10-05T16:34:59.657+03:00 DEBUG 28932 --- [taskmanager] [http-nio-8080-exec-6] w.c.HttpSessionSecurityContextRepository : Retrieved SecurityContextImpl [Authentication=UsernamePasswordAuthenticationToken [Principal=com.example.taskmanager.model.User@7255cd9f, Credentials=[PROTECTED], Authenticated=true, Details=WebAuthenticationDetails [RemoteIpAddress=127.0.0.1, SessionId=175ECE611456FF98E9804B0F4A5F5B34], Granted Authorities=[ROLE_USER, FactorGrantedAuthority [authority=FACTOR_PASSWORD, issuedAt=2026-10-05T13:34:51.639917900Z]]]]
2026-10-05T16:35:01.594+03:00 DEBUG 28932 --- [taskmanager] [http-nio-8080-exec-7] o.s.security.web.FilterChainProxy        : Securing POST /web/tasks/3/status
2026-10-05T16:35:01.594+03:00 DEBUG 28932 --- [taskmanager] [http-nio-8080-exec-7] w.c.HttpSessionSecurityContextRepository : Retrieved SecurityContextImpl [Authentication=UsernamePasswordAuthenticationToken [Principal=com.example.taskmanager.model.User@7255cd9f, Credentials=[PROTECTED], Authenticated=true, Details=WebAuthenticationDetails [RemoteIpAddress=127.0.0.1, SessionId=175ECE611456FF98E9804B0F4A5F5B34], Granted Authorities=[ROLE_USER, FactorGrantedAuthority [authority=FACTOR_PASSWORD, issuedAt=2026-10-05T13:34:51.639917900Z]]]]
2026-10-05T16:35:01.595+03:00 DEBUG 28932 --- [taskmanager] [http-nio-8080-exec-7] o.s.security.web.FilterChainProxy        : Secured POST /web/tasks/3/status
2026-10-05T16:35:01.597+03:00 TRACE 28932 --- [taskmanager] [http-nio-8080-exec-7] o.s.t.i.TransactionInterceptor           : Getting transaction for [com.example.taskmanager.service.TaskService.updateStatus]
2026-10-05T16:35:01.597+03:00  INFO 28932 --- [taskmanager] [http-nio-8080-exec-7] c.e.taskmanager.aspect.LoggingAspect     : → updateStatus called with args: [3, IN_PROGRESS]
2026-10-05T16:35:01.597+03:00 TRACE 28932 --- [taskmanager] [http-nio-8080-exec-7] o.s.t.i.TransactionInterceptor           : Getting transaction for [org.springframework.data.jpa.repository.support.SimpleJpaRepository.findById]
2026-10-05T16:35:01.600+03:00 TRACE 28932 --- [taskmanager] [http-nio-8080-exec-7] o.s.t.i.TransactionInterceptor           : Completing transaction for [org.springframework.data.jpa.repository.support.SimpleJpaRepository.findById]
2026-10-05T16:35:01.600+03:00 TRACE 28932 --- [taskmanager] [http-nio-8080-exec-7] o.s.t.i.TransactionInterceptor           : No need to create transaction for [org.springframework.data.jpa.repository.support.SimpleJpaRepository.findByEmail]: This method is not transactional.
2026-10-05T16:35:01.602+03:00 TRACE 28932 --- [taskmanager] [http-nio-8080-exec-7] o.s.t.i.TransactionInterceptor           : Getting transaction for [org.springframework.data.jpa.repository.support.SimpleJpaRepository.save]
2026-10-05T16:35:01.602+03:00 TRACE 28932 --- [taskmanager] [http-nio-8080-exec-7] o.s.t.i.TransactionInterceptor           : Completing transaction for [org.springframework.data.jpa.repository.support.SimpleJpaRepository.save]
2026-10-05T16:35:01.602+03:00  INFO 28932 --- [taskmanager] [http-nio-8080-exec-7] c.e.taskmanager.aspect.LoggingAspect     : ← updateStatus finished
2026-10-05T16:35:01.602+03:00  INFO 28932 --- [taskmanager] [http-nio-8080-exec-7] c.e.taskmanager.aspect.LoggingAspect     : ⏱ updateStatus completed in 5ms
2026-10-05T16:35:01.602+03:00 TRACE 28932 --- [taskmanager] [http-nio-8080-exec-7] o.s.t.i.TransactionInterceptor           : Completing transaction for [com.example.taskmanager.service.TaskService.updateStatus]
2026-10-05T16:35:01.618+03:00 DEBUG 28932 --- [taskmanager] [http-nio-8080-exec-8] o.s.security.web.FilterChainProxy        : Securing GET /web/tasks
2026-10-05T16:35:01.618+03:00 DEBUG 28932 --- [taskmanager] [http-nio-8080-exec-8] w.c.HttpSessionSecurityContextRepository : Retrieved SecurityContextImpl [Authentication=UsernamePasswordAuthenticationToken [Principal=com.example.taskmanager.model.User@7255cd9f, Credentials=[PROTECTED], Authenticated=true, Details=WebAuthenticationDetails [RemoteIpAddress=127.0.0.1, SessionId=175ECE611456FF98E9804B0F4A5F5B34], Granted Authorities=[ROLE_USER, FactorGrantedAuthority [authority=FACTOR_PASSWORD, issuedAt=2026-10-05T13:34:51.639917900Z]]]]
2026-10-05T16:35:01.619+03:00 DEBUG 28932 --- [taskmanager] [http-nio-8080-exec-8] o.s.security.web.FilterChainProxy        : Secured GET /web/tasks
2026-10-05T16:35:01.619+03:00 TRACE 28932 --- [taskmanager] [http-nio-8080-exec-8] o.s.t.i.TransactionInterceptor           : Getting transaction for [com.example.taskmanager.service.TaskService.getAll]
2026-10-05T16:35:01.619+03:00  INFO 28932 --- [taskmanager] [http-nio-8080-exec-8] c.e.taskmanager.aspect.LoggingAspect     : → getAll called with args: [null, null]
2026-10-05T16:35:01.619+03:00 TRACE 28932 --- [taskmanager] [http-nio-8080-exec-8] o.s.t.i.TransactionInterceptor           : No need to create transaction for [org.springframework.data.jpa.repository.support.SimpleJpaRepository.findByEmail]: This method is not transactional.
2026-10-05T16:35:01.621+03:00 TRACE 28932 --- [taskmanager] [http-nio-8080-exec-8] o.s.t.i.TransactionInterceptor           : Getting transaction for [org.springframework.data.jpa.repository.support.SimpleJpaRepository.findAll]
2026-10-05T16:35:01.623+03:00 TRACE 28932 --- [taskmanager] [http-nio-8080-exec-8] o.s.t.i.TransactionInterceptor           : Completing transaction for [org.springframework.data.jpa.repository.support.SimpleJpaRepository.findAll]
2026-10-05T16:35:01.623+03:00  INFO 28932 --- [taskmanager] [http-nio-8080-exec-8] c.e.taskmanager.aspect.LoggingAspect     : ← getAll finished
2026-10-05T16:35:01.623+03:00  INFO 28932 --- [taskmanager] [http-nio-8080-exec-8] c.e.taskmanager.aspect.LoggingAspect     : ⏱ getAll completed in 4ms
2026-10-05T16:35:01.623+03:00 TRACE 28932 --- [taskmanager] [http-nio-8080-exec-8] o.s.t.i.TransactionInterceptor           : Completing transaction for [com.example.taskmanager.service.TaskService.getAll]
2026-10-05T16:35:01.682+03:00 DEBUG 28932 --- [taskmanager] [http-nio-8080-exec-9] o.s.security.web.FilterChainProxy        : Securing GET /css/style.css
2026-10-05T16:35:01.682+03:00 DEBUG 28932 --- [taskmanager] [http-nio-8080-exec-9] o.s.security.web.FilterChainProxy        : Secured GET /css/style.css
2026-10-05T16:35:01.684+03:00 DEBUG 28932 --- [taskmanager] [http-nio-8080-exec-9] w.c.HttpSessionSecurityContextRepository : Retrieved SecurityContextImpl [Authentication=UsernamePasswordAuthenticationToken [Principal=com.example.taskmanager.model.User@7255cd9f, Credentials=[PROTECTED], Authenticated=true, Details=WebAuthenticationDetails [RemoteIpAddress=127.0.0.1, SessionId=175ECE611456FF98E9804B0F4A5F5B34], Granted Authorities=[ROLE_USER, FactorGrantedAuthority [authority=FACTOR_PASSWORD, issuedAt=2026-10-05T13:34:51.639917900Z]]]]
2026-10-05T16:35:03.960+03:00 DEBUG 28932 --- [taskmanager] [http-nio-8080-exec-3] o.s.security.web.FilterChainProxy        : Securing POST /web/tasks/3/status
2026-10-05T16:35:03.960+03:00 DEBUG 28932 --- [taskmanager] [http-nio-8080-exec-3] w.c.HttpSessionSecurityContextRepository : Retrieved SecurityContextImpl [Authentication=UsernamePasswordAuthenticationToken [Principal=com.example.taskmanager.model.User@7255cd9f, Credentials=[PROTECTED], Authenticated=true, Details=WebAuthenticationDetails [RemoteIpAddress=127.0.0.1, SessionId=175ECE611456FF98E9804B0F4A5F5B34], Granted Authorities=[ROLE_USER, FactorGrantedAuthority [authority=FACTOR_PASSWORD, issuedAt=2026-10-05T13:34:51.639917900Z]]]]
2026-10-05T16:35:03.960+03:00 DEBUG 28932 --- [taskmanager] [http-nio-8080-exec-3] o.s.security.web.FilterChainProxy        : Secured POST /web/tasks/3/status
2026-10-05T16:35:03.962+03:00 TRACE 28932 --- [taskmanager] [http-nio-8080-exec-3] o.s.t.i.TransactionInterceptor           : Getting transaction for [com.example.taskmanager.service.TaskService.updateStatus]
2026-10-05T16:35:03.964+03:00  INFO 28932 --- [taskmanager] [http-nio-8080-exec-3] c.e.taskmanager.aspect.LoggingAspect     : → updateStatus called with args: [3, DONE]
2026-10-05T16:35:03.964+03:00 TRACE 28932 --- [taskmanager] [http-nio-8080-exec-3] o.s.t.i.TransactionInterceptor           : Getting transaction for [org.springframework.data.jpa.repository.support.SimpleJpaRepository.findById]
2026-10-05T16:35:03.965+03:00 TRACE 28932 --- [taskmanager] [http-nio-8080-exec-3] o.s.t.i.TransactionInterceptor           : Completing transaction for [org.springframework.data.jpa.repository.support.SimpleJpaRepository.findById]
2026-10-05T16:35:03.965+03:00 TRACE 28932 --- [taskmanager] [http-nio-8080-exec-3] o.s.t.i.TransactionInterceptor           : No need to create transaction for [org.springframework.data.jpa.repository.support.SimpleJpaRepository.findByEmail]: This method is not transactional.
2026-10-05T16:35:03.966+03:00 TRACE 28932 --- [taskmanager] [http-nio-8080-exec-3] o.s.t.i.TransactionInterceptor           : Getting transaction for [org.springframework.data.jpa.repository.support.SimpleJpaRepository.save]
2026-10-05T16:35:03.967+03:00 TRACE 28932 --- [taskmanager] [http-nio-8080-exec-3] o.s.t.i.TransactionInterceptor           : Completing transaction for [org.springframework.data.jpa.repository.support.SimpleJpaRepository.save]
2026-10-05T16:35:03.967+03:00  INFO 28932 --- [taskmanager] [http-nio-8080-exec-3] c.e.taskmanager.aspect.LoggingAspect     : ← updateStatus finished
2026-10-05T16:35:03.967+03:00  INFO 28932 --- [taskmanager] [http-nio-8080-exec-3] c.e.taskmanager.aspect.LoggingAspect     : ⏱ updateStatus completed in 3ms
2026-10-05T16:35:03.967+03:00 TRACE 28932 --- [taskmanager] [http-nio-8080-exec-3] o.s.t.i.TransactionInterceptor           : Completing transaction for [com.example.taskmanager.service.TaskService.updateStatus]
2026-10-05T16:35:03.973+03:00 DEBUG 28932 --- [taskmanager] [http-nio-8080-exec-1] o.s.security.web.FilterChainProxy        : Securing GET /web/tasks
2026-10-05T16:35:03.973+03:00 DEBUG 28932 --- [taskmanager] [http-nio-8080-exec-1] w.c.HttpSessionSecurityContextRepository : Retrieved SecurityContextImpl [Authentication=UsernamePasswordAuthenticationToken [Principal=com.example.taskmanager.model.User@7255cd9f, Credentials=[PROTECTED], Authenticated=true, Details=WebAuthenticationDetails [RemoteIpAddress=127.0.0.1, SessionId=175ECE611456FF98E9804B0F4A5F5B34], Granted Authorities=[ROLE_USER, FactorGrantedAuthority [authority=FACTOR_PASSWORD, issuedAt=2026-10-05T13:34:51.639917900Z]]]]
2026-10-05T16:35:03.973+03:00 DEBUG 28932 --- [taskmanager] [http-nio-8080-exec-1] o.s.security.web.FilterChainProxy        : Secured GET /web/tasks
2026-10-05T16:35:03.974+03:00 TRACE 28932 --- [taskmanager] [http-nio-8080-exec-1] o.s.t.i.TransactionInterceptor           : Getting transaction for [com.example.taskmanager.service.TaskService.getAll]
2026-10-05T16:35:03.974+03:00  INFO 28932 --- [taskmanager] [http-nio-8080-exec-1] c.e.taskmanager.aspect.LoggingAspect     : → getAll called with args: [null, null]
2026-10-05T16:35:03.974+03:00 TRACE 28932 --- [taskmanager] [http-nio-8080-exec-1] o.s.t.i.TransactionInterceptor           : No need to create transaction for [org.springframework.data.jpa.repository.support.SimpleJpaRepository.findByEmail]: This method is not transactional.
2026-10-05T16:35:03.975+03:00 TRACE 28932 --- [taskmanager] [http-nio-8080-exec-1] o.s.t.i.TransactionInterceptor           : Getting transaction for [org.springframework.data.jpa.repository.support.SimpleJpaRepository.findAll]
2026-10-05T16:35:03.977+03:00 TRACE 28932 --- [taskmanager] [http-nio-8080-exec-1] o.s.t.i.TransactionInterceptor           : Completing transaction for [org.springframework.data.jpa.repository.support.SimpleJpaRepository.findAll]
2026-10-05T16:35:03.977+03:00  INFO 28932 --- [taskmanager] [http-nio-8080-exec-1] c.e.taskmanager.aspect.LoggingAspect     : ← getAll finished
2026-10-05T16:35:03.977+03:00  INFO 28932 --- [taskmanager] [http-nio-8080-exec-1] c.e.taskmanager.aspect.LoggingAspect     : ⏱ getAll completed in 3ms
2026-10-05T16:35:03.977+03:00 TRACE 28932 --- [taskmanager] [http-nio-8080-exec-1] o.s.t.i.TransactionInterceptor           : Completing transaction for [com.example.taskmanager.service.TaskService.getAll]
2026-10-05T16:35:04.032+03:00 DEBUG 28932 --- [taskmanager] [http-nio-8080-exec-2] o.s.security.web.FilterChainProxy        : Securing GET /css/style.css
2026-10-05T16:35:04.032+03:00 DEBUG 28932 --- [taskmanager] [http-nio-8080-exec-2] o.s.security.web.FilterChainProxy        : Secured GET /css/style.css
2026-10-05T16:35:04.035+03:00 DEBUG 28932 --- [taskmanager] [http-nio-8080-exec-2] w.c.HttpSessionSecurityContextRepository : Retrieved SecurityContextImpl [Authentication=UsernamePasswordAuthenticationToken [Principal=com.example.taskmanager.model.User@7255cd9f, Credentials=[PROTECTED], Authenticated=true, Details=WebAuthenticationDetails [RemoteIpAddress=127.0.0.1, SessionId=175ECE611456FF98E9804B0F4A5F5B34], Granted Authorities=[ROLE_USER, FactorGrantedAuthority [authority=FACTOR_PASSWORD, issuedAt=2026-10-05T13:34:51.639917900Z]]]]
2026-10-05T16:35:05.523+03:00 DEBUG 28932 --- [taskmanager] [http-nio-8080-exec-10] o.s.security.web.FilterChainProxy        : Securing GET /web/tasks/3/edit
2026-10-05T16:35:05.523+03:00 DEBUG 28932 --- [taskmanager] [http-nio-8080-exec-10] w.c.HttpSessionSecurityContextRepository : Retrieved SecurityContextImpl [Authentication=UsernamePasswordAuthenticationToken [Principal=com.example.taskmanager.model.User@7255cd9f, Credentials=[PROTECTED], Authenticated=true, Details=WebAuthenticationDetails [RemoteIpAddress=127.0.0.1, SessionId=175ECE611456FF98E9804B0F4A5F5B34], Granted Authorities=[ROLE_USER, FactorGrantedAuthority [authority=FACTOR_PASSWORD, issuedAt=2026-10-05T13:34:51.639917900Z]]]]
2026-10-05T16:35:05.525+03:00 DEBUG 28932 --- [taskmanager] [http-nio-8080-exec-10] o.s.security.web.FilterChainProxy        : Secured GET /web/tasks/3/edit
2026-10-05T16:35:05.527+03:00 TRACE 28932 --- [taskmanager] [http-nio-8080-exec-10] o.s.t.i.TransactionInterceptor           : Getting transaction for [com.example.taskmanager.service.TaskService.getById]
2026-10-05T16:35:05.527+03:00  INFO 28932 --- [taskmanager] [http-nio-8080-exec-10] c.e.taskmanager.aspect.LoggingAspect     : → getById called with args: [3]
2026-10-05T16:35:05.527+03:00 TRACE 28932 --- [taskmanager] [http-nio-8080-exec-10] o.s.t.i.TransactionInterceptor           : Getting transaction for [org.springframework.data.jpa.repository.support.SimpleJpaRepository.findById]
2026-10-05T16:35:05.529+03:00 TRACE 28932 --- [taskmanager] [http-nio-8080-exec-10] o.s.t.i.TransactionInterceptor           : Completing transaction for [org.springframework.data.jpa.repository.support.SimpleJpaRepository.findById]
2026-10-05T16:35:05.529+03:00 TRACE 28932 --- [taskmanager] [http-nio-8080-exec-10] o.s.t.i.TransactionInterceptor           : No need to create transaction for [org.springframework.data.jpa.repository.support.SimpleJpaRepository.findByEmail]: This method is not transactional.
2026-10-05T16:35:05.531+03:00  INFO 28932 --- [taskmanager] [http-nio-8080-exec-10] c.e.taskmanager.aspect.LoggingAspect     : ← getById finished
2026-10-05T16:35:05.531+03:00  INFO 28932 --- [taskmanager] [http-nio-8080-exec-10] c.e.taskmanager.aspect.LoggingAspect     : ⏱ getById completed in 4ms
2026-10-05T16:35:05.531+03:00 TRACE 28932 --- [taskmanager] [http-nio-8080-exec-10] o.s.t.i.TransactionInterceptor           : Completing transaction for [com.example.taskmanager.service.TaskService.getById]
2026-10-05T16:35:05.575+03:00 DEBUG 28932 --- [taskmanager] [http-nio-8080-exec-4] o.s.security.web.FilterChainProxy        : Securing GET /css/style.css
2026-10-05T16:35:05.575+03:00 DEBUG 28932 --- [taskmanager] [http-nio-8080-exec-4] o.s.security.web.FilterChainProxy        : Secured GET /css/style.css
2026-10-05T16:35:05.577+03:00 DEBUG 28932 --- [taskmanager] [http-nio-8080-exec-4] w.c.HttpSessionSecurityContextRepository : Retrieved SecurityContextImpl [Authentication=UsernamePasswordAuthenticationToken [Principal=com.example.taskmanager.model.User@7255cd9f, Credentials=[PROTECTED], Authenticated=true, Details=WebAuthenticationDetails [RemoteIpAddress=127.0.0.1, SessionId=175ECE611456FF98E9804B0F4A5F5B34], Granted Authorities=[ROLE_USER, FactorGrantedAuthority [authority=FACTOR_PASSWORD, issuedAt=2026-10-05T13:34:51.639917900Z]]]]
2026-10-05T16:35:06.616+03:00 DEBUG 28932 --- [taskmanager] [http-nio-8080-exec-5] o.s.security.web.FilterChainProxy        : Securing GET /web/tasks
2026-10-05T16:35:06.617+03:00 DEBUG 28932 --- [taskmanager] [http-nio-8080-exec-5] w.c.HttpSessionSecurityContextRepository : Retrieved SecurityContextImpl [Authentication=UsernamePasswordAuthenticationToken [Principal=com.example.taskmanager.model.User@7255cd9f, Credentials=[PROTECTED], Authenticated=true, Details=WebAuthenticationDetails [RemoteIpAddress=127.0.0.1, SessionId=175ECE611456FF98E9804B0F4A5F5B34], Granted Authorities=[ROLE_USER, FactorGrantedAuthority [authority=FACTOR_PASSWORD, issuedAt=2026-10-05T13:34:51.639917900Z]]]]
2026-10-05T16:35:06.617+03:00 DEBUG 28932 --- [taskmanager] [http-nio-8080-exec-5] o.s.security.web.FilterChainProxy        : Secured GET /web/tasks
2026-10-05T16:35:06.617+03:00 TRACE 28932 --- [taskmanager] [http-nio-8080-exec-5] o.s.t.i.TransactionInterceptor           : Getting transaction for [com.example.taskmanager.service.TaskService.getAll]
2026-10-05T16:35:06.618+03:00  INFO 28932 --- [taskmanager] [http-nio-8080-exec-5] c.e.taskmanager.aspect.LoggingAspect     : → getAll called with args: [null, null]
2026-10-05T16:35:06.618+03:00 TRACE 28932 --- [taskmanager] [http-nio-8080-exec-5] o.s.t.i.TransactionInterceptor           : No need to create transaction for [org.springframework.data.jpa.repository.support.SimpleJpaRepository.findByEmail]: This method is not transactional.
2026-10-05T16:35:06.619+03:00 TRACE 28932 --- [taskmanager] [http-nio-8080-exec-5] o.s.t.i.TransactionInterceptor           : Getting transaction for [org.springframework.data.jpa.repository.support.SimpleJpaRepository.findAll]
2026-10-05T16:35:06.622+03:00 TRACE 28932 --- [taskmanager] [http-nio-8080-exec-5] o.s.t.i.TransactionInterceptor           : Completing transaction for [org.springframework.data.jpa.repository.support.SimpleJpaRepository.findAll]
2026-10-05T16:35:06.622+03:00  INFO 28932 --- [taskmanager] [http-nio-8080-exec-5] c.e.taskmanager.aspect.LoggingAspect     : ← getAll finished
2026-10-05T16:35:06.622+03:00  INFO 28932 --- [taskmanager] [http-nio-8080-exec-5] c.e.taskmanager.aspect.LoggingAspect     : ⏱ getAll completed in 5ms
2026-10-05T16:35:06.622+03:00 TRACE 28932 --- [taskmanager] [http-nio-8080-exec-5] o.s.t.i.TransactionInterceptor           : Completing transaction for [com.example.taskmanager.service.TaskService.getAll]
2026-10-05T16:35:06.664+03:00 DEBUG 28932 --- [taskmanager] [http-nio-8080-exec-6] o.s.security.web.FilterChainProxy        : Securing GET /css/style.css
2026-10-05T16:35:06.664+03:00 DEBUG 28932 --- [taskmanager] [http-nio-8080-exec-6] o.s.security.web.FilterChainProxy        : Secured GET /css/style.css
2026-10-05T16:35:06.666+03:00 DEBUG 28932 --- [taskmanager] [http-nio-8080-exec-6] w.c.HttpSessionSecurityContextRepository : Retrieved SecurityContextImpl [Authentication=UsernamePasswordAuthenticationToken [Principal=com.example.taskmanager.model.User@7255cd9f, Credentials=[PROTECTED], Authenticated=true, Details=WebAuthenticationDetails [RemoteIpAddress=127.0.0.1, SessionId=175ECE611456FF98E9804B0F4A5F5B34], Granted Authorities=[ROLE_USER, FactorGrantedAuthority [authority=FACTOR_PASSWORD, issuedAt=2026-10-05T13:34:51.639917900Z]]]]
2026-10-05T16:36:52.995+03:00 DEBUG 28932 --- [taskmanager] [http-nio-8080-exec-9] o.s.security.web.FilterChainProxy        : Securing GET /api/tasks/export
2026-10-05T16:36:52.998+03:00 DEBUG 28932 --- [taskmanager] [http-nio-8080-exec-9] w.c.HttpSessionSecurityContextRepository : Retrieved SecurityContextImpl [Authentication=UsernamePasswordAuthenticationToken [Principal=com.example.taskmanager.model.User@7255cd9f, Credentials=[PROTECTED], Authenticated=true, Details=WebAuthenticationDetails [RemoteIpAddress=127.0.0.1, SessionId=175ECE611456FF98E9804B0F4A5F5B34], Granted Authorities=[ROLE_USER, FactorGrantedAuthority [authority=FACTOR_PASSWORD, issuedAt=2026-10-05T13:34:51.639917900Z]]]]
2026-10-05T16:36:52.998+03:00 DEBUG 28932 --- [taskmanager] [http-nio-8080-exec-9] o.s.security.web.FilterChainProxy        : Secured GET /api/tasks/export
2026-10-05T16:36:53.000+03:00 TRACE 28932 --- [taskmanager] [http-nio-8080-exec-9] o.s.t.i.TransactionInterceptor           : Getting transaction for [com.example.taskmanager.service.TaskService.getAll]
2026-10-05T16:36:53.000+03:00  INFO 28932 --- [taskmanager] [http-nio-8080-exec-9] c.e.taskmanager.aspect.LoggingAspect     : → getAll called with args: [null, null]
2026-10-05T16:36:53.000+03:00 TRACE 28932 --- [taskmanager] [http-nio-8080-exec-9] o.s.t.i.TransactionInterceptor           : No need to create transaction for [org.springframework.data.jpa.repository.support.SimpleJpaRepository.findByEmail]: This method is not transactional.
2026-10-05T16:36:53.004+03:00 TRACE 28932 --- [taskmanager] [http-nio-8080-exec-9] o.s.t.i.TransactionInterceptor           : Getting transaction for [org.springframework.data.jpa.repository.support.SimpleJpaRepository.findAll]
2026-10-05T16:36:53.006+03:00 TRACE 28932 --- [taskmanager] [http-nio-8080-exec-9] o.s.t.i.TransactionInterceptor           : Completing transaction for [org.springframework.data.jpa.repository.support.SimpleJpaRepository.findAll]
2026-10-05T16:36:53.006+03:00  INFO 28932 --- [taskmanager] [http-nio-8080-exec-9] c.e.taskmanager.aspect.LoggingAspect     : ← getAll finished
2026-10-05T16:36:53.006+03:00  INFO 28932 --- [taskmanager] [http-nio-8080-exec-9] c.e.taskmanager.aspect.LoggingAspect     : ⏱ getAll completed in 6ms
2026-10-05T16:36:53.006+03:00 TRACE 28932 --- [taskmanager] [http-nio-8080-exec-9] o.s.t.i.TransactionInterceptor           : Completing transaction for [com.example.taskmanager.service.TaskService.getAll]
2026-10-05T16:37:59.103+03:00 DEBUG 28932 --- [taskmanager] [http-nio-8080-exec-2] o.s.security.web.FilterChainProxy        : Securing GET /swagger-ui.html
2026-10-05T16:37:59.104+03:00 DEBUG 28932 --- [taskmanager] [http-nio-8080-exec-2] o.s.security.web.FilterChainProxy        : Secured GET /swagger-ui.html
2026-10-05T16:37:59.123+03:00 DEBUG 28932 --- [taskmanager] [http-nio-8080-exec-2] w.c.HttpSessionSecurityContextRepository : Retrieved SecurityContextImpl [Authentication=UsernamePasswordAuthenticationToken [Principal=com.example.taskmanager.model.User@7255cd9f, Credentials=[PROTECTED], Authenticated=true, Details=WebAuthenticationDetails [RemoteIpAddress=127.0.0.1, SessionId=175ECE611456FF98E9804B0F4A5F5B34], Granted Authorities=[ROLE_USER, FactorGrantedAuthority [authority=FACTOR_PASSWORD, issuedAt=2026-10-05T13:34:51.639917900Z]]]]
2026-10-05T16:37:59.126+03:00 DEBUG 28932 --- [taskmanager] [http-nio-8080-exec-10] o.s.security.web.FilterChainProxy        : Securing GET /swagger-ui/index.html
2026-10-05T16:37:59.126+03:00 DEBUG 28932 --- [taskmanager] [http-nio-8080-exec-10] o.s.security.web.FilterChainProxy        : Secured GET /swagger-ui/index.html
2026-10-05T16:37:59.129+03:00 DEBUG 28932 --- [taskmanager] [http-nio-8080-exec-10] w.c.HttpSessionSecurityContextRepository : Retrieved SecurityContextImpl [Authentication=UsernamePasswordAuthenticationToken [Principal=com.example.taskmanager.model.User@7255cd9f, Credentials=[PROTECTED], Authenticated=true, Details=WebAuthenticationDetails [RemoteIpAddress=127.0.0.1, SessionId=175ECE611456FF98E9804B0F4A5F5B34], Granted Authorities=[ROLE_USER, FactorGrantedAuthority [authority=FACTOR_PASSWORD, issuedAt=2026-10-05T13:34:51.639917900Z]]]]
2026-10-05T16:37:59.179+03:00 DEBUG 28932 --- [taskmanager] [http-nio-8080-exec-4] o.s.security.web.FilterChainProxy        : Securing GET /swagger-ui/swagger-ui.css
2026-10-05T16:37:59.180+03:00 DEBUG 28932 --- [taskmanager] [http-nio-8080-exec-4] o.s.security.web.FilterChainProxy        : Secured GET /swagger-ui/swagger-ui.css
2026-10-05T16:37:59.183+03:00 DEBUG 28932 --- [taskmanager] [http-nio-8080-exec-4] w.c.HttpSessionSecurityContextRepository : Retrieved SecurityContextImpl [Authentication=UsernamePasswordAuthenticationToken [Principal=com.example.taskmanager.model.User@7255cd9f, Credentials=[PROTECTED], Authenticated=true, Details=WebAuthenticationDetails [RemoteIpAddress=127.0.0.1, SessionId=175ECE611456FF98E9804B0F4A5F5B34], Granted Authorities=[ROLE_USER, FactorGrantedAuthority [authority=FACTOR_PASSWORD, issuedAt=2026-10-05T13:34:51.639917900Z]]]]
2026-10-05T16:37:59.203+03:00 DEBUG 28932 --- [taskmanager] [http-nio-8080-exec-5] o.s.security.web.FilterChainProxy        : Securing GET /swagger-ui/index.css
2026-10-05T16:37:59.203+03:00 DEBUG 28932 --- [taskmanager] [http-nio-8080-exec-5] o.s.security.web.FilterChainProxy        : Secured GET /swagger-ui/index.css
2026-10-05T16:37:59.204+03:00 DEBUG 28932 --- [taskmanager] [http-nio-8080-exec-6] o.s.security.web.FilterChainProxy        : Securing GET /swagger-ui/swagger-ui-bundle.js
2026-10-05T16:37:59.204+03:00 DEBUG 28932 --- [taskmanager] [http-nio-8080-exec-6] o.s.security.web.FilterChainProxy        : Secured GET /swagger-ui/swagger-ui-bundle.js
2026-10-05T16:37:59.206+03:00 DEBUG 28932 --- [taskmanager] [http-nio-8080-exec-7] o.s.security.web.FilterChainProxy        : Securing GET /swagger-ui/swagger-ui-standalone-preset.js
2026-10-05T16:37:59.206+03:00 DEBUG 28932 --- [taskmanager] [http-nio-8080-exec-7] o.s.security.web.FilterChainProxy        : Secured GET /swagger-ui/swagger-ui-standalone-preset.js
2026-10-05T16:37:59.206+03:00 DEBUG 28932 --- [taskmanager] [http-nio-8080-exec-8] o.s.security.web.FilterChainProxy        : Securing GET /swagger-ui/swagger-initializer.js
2026-10-05T16:37:59.207+03:00 DEBUG 28932 --- [taskmanager] [http-nio-8080-exec-8] o.s.security.web.FilterChainProxy        : Secured GET /swagger-ui/swagger-initializer.js
2026-10-05T16:37:59.207+03:00 DEBUG 28932 --- [taskmanager] [http-nio-8080-exec-5] w.c.HttpSessionSecurityContextRepository : Retrieved SecurityContextImpl [Authentication=UsernamePasswordAuthenticationToken [Principal=com.example.taskmanager.model.User@7255cd9f, Credentials=[PROTECTED], Authenticated=true, Details=WebAuthenticationDetails [RemoteIpAddress=127.0.0.1, SessionId=175ECE611456FF98E9804B0F4A5F5B34], Granted Authorities=[ROLE_USER, FactorGrantedAuthority [authority=FACTOR_PASSWORD, issuedAt=2026-10-05T13:34:51.639917900Z]]]]
2026-10-05T16:37:59.212+03:00 DEBUG 28932 --- [taskmanager] [http-nio-8080-exec-7] w.c.HttpSessionSecurityContextRepository : Retrieved SecurityContextImpl [Authentication=UsernamePasswordAuthenticationToken [Principal=com.example.taskmanager.model.User@7255cd9f, Credentials=[PROTECTED], Authenticated=true, Details=WebAuthenticationDetails [RemoteIpAddress=127.0.0.1, SessionId=175ECE611456FF98E9804B0F4A5F5B34], Granted Authorities=[ROLE_USER, FactorGrantedAuthority [authority=FACTOR_PASSWORD, issuedAt=2026-10-05T13:34:51.639917900Z]]]]
2026-10-05T16:37:59.221+03:00 DEBUG 28932 --- [taskmanager] [http-nio-8080-exec-6] w.c.HttpSessionSecurityContextRepository : Retrieved SecurityContextImpl [Authentication=UsernamePasswordAuthenticationToken [Principal=com.example.taskmanager.model.User@7255cd9f, Credentials=[PROTECTED], Authenticated=true, Details=WebAuthenticationDetails [RemoteIpAddress=127.0.0.1, SessionId=175ECE611456FF98E9804B0F4A5F5B34], Granted Authorities=[ROLE_USER, FactorGrantedAuthority [authority=FACTOR_PASSWORD, issuedAt=2026-10-05T13:34:51.639917900Z]]]]
2026-10-05T16:37:59.224+03:00 DEBUG 28932 --- [taskmanager] [http-nio-8080-exec-8] w.c.HttpSessionSecurityContextRepository : Retrieved SecurityContextImpl [Authentication=UsernamePasswordAuthenticationToken [Principal=com.example.taskmanager.model.User@7255cd9f, Credentials=[PROTECTED], Authenticated=true, Details=WebAuthenticationDetails [RemoteIpAddress=127.0.0.1, SessionId=175ECE611456FF98E9804B0F4A5F5B34], Granted Authorities=[ROLE_USER, FactorGrantedAuthority [authority=FACTOR_PASSWORD, issuedAt=2026-10-05T13:34:51.639917900Z]]]]
2026-10-05T16:37:59.327+03:00 DEBUG 28932 --- [taskmanager] [http-nio-8080-exec-9] o.s.security.web.FilterChainProxy        : Securing GET /v3/api-docs/swagger-config
2026-10-05T16:37:59.327+03:00 DEBUG 28932 --- [taskmanager] [http-nio-8080-exec-9] o.s.security.web.FilterChainProxy        : Secured GET /v3/api-docs/swagger-config
2026-10-05T16:37:59.347+03:00 DEBUG 28932 --- [taskmanager] [http-nio-8080-exec-9] w.c.HttpSessionSecurityContextRepository : Retrieved SecurityContextImpl [Authentication=UsernamePasswordAuthenticationToken [Principal=com.example.taskmanager.model.User@7255cd9f, Credentials=[PROTECTED], Authenticated=true, Details=WebAuthenticationDetails [RemoteIpAddress=127.0.0.1, SessionId=175ECE611456FF98E9804B0F4A5F5B34], Granted Authorities=[ROLE_USER, FactorGrantedAuthority [authority=FACTOR_PASSWORD, issuedAt=2026-10-05T13:34:51.639917900Z]]]]
2026-10-05T16:37:59.353+03:00 DEBUG 28932 --- [taskmanager] [http-nio-8080-exec-3] o.s.security.web.FilterChainProxy        : Securing GET /v3/api-docs
2026-10-05T16:37:59.354+03:00 DEBUG 28932 --- [taskmanager] [http-nio-8080-exec-3] o.s.security.web.FilterChainProxy        : Secured GET /v3/api-docs
2026-10-05T16:37:59.556+03:00  INFO 28932 --- [taskmanager] [http-nio-8080-exec-3] o.springdoc.api.AbstractOpenApiResource  : Init duration for springdoc-openapi is: 200 ms
2026-10-05T16:37:59.569+03:00 DEBUG 28932 --- [taskmanager] [http-nio-8080-exec-3] w.c.HttpSessionSecurityContextRepository : Retrieved SecurityContextImpl [Authentication=UsernamePasswordAuthenticationToken [Principal=com.example.taskmanager.model.User@7255cd9f, Credentials=[PROTECTED], Authenticated=true, Details=WebAuthenticationDetails [RemoteIpAddress=127.0.0.1, SessionId=175ECE611456FF98E9804B0F4A5F5B34], Granted Authorities=[ROLE_USER, FactorGrantedAuthority [authority=FACTOR_PASSWORD, issuedAt=2026-10-05T13:34:51.639917900Z]]]]
2026-10-05T16:38:06.563+03:00  INFO 28932 --- [taskmanager] [SpringApplicationShutdownHook] o.s.boot.tomcat.GracefulShutdown         : Commencing graceful shutdown. Waiting for active requests to complete
2026-10-05T16:38:06.573+03:00  INFO 28932 --- [taskmanager] [tomcat-shutdown] o.s.boot.tomcat.GracefulShutdown         : Graceful shutdown complete
2026-10-05T16:38:06.577+03:00  INFO 28932 --- [taskmanager] [SpringApplicationShutdownHook] j.LocalContainerEntityManagerFactoryBean : Closing JPA EntityManagerFactory for persistence unit 'default'
2026-10-05T16:38:06.579+03:00  INFO 28932 --- [taskmanager] [SpringApplicationShutdownHook] com.zaxxer.hikari.HikariDataSource       : HikariPool-1 - Shutdown initiated...
2026-10-05T16:38:06.581+03:00  INFO 28932 --- [taskmanager] [SpringApplicationShutdownHook] com.zaxxer.hikari.HikariDataSource       : HikariPool-1 - Shutdown completed.
2026-10-05T16:38:12.414+03:00  INFO 29728 --- [taskmanager] [main] c.e.taskmanager.TaskmanagerApplication   : Starting TaskmanagerApplication using Java 21.0.10 with PID 29728 (C:\Users\Виталий\Desktop\taskmanager\target\classes started by Виталий in C:\Users\Виталий\Desktop\taskmanager)
2026-10-05T16:38:12.416+03:00  INFO 29728 --- [taskmanager] [main] c.e.taskmanager.TaskmanagerApplication   : No active profile set, falling back to 1 default profile: "default"
2026-10-05T16:38:13.043+03:00  INFO 29728 --- [taskmanager] [main] .s.d.r.c.RepositoryConfigurationDelegate : Bootstrapping Spring Data JPA repositories in DEFAULT mode.
2026-10-05T16:38:13.096+03:00  INFO 29728 --- [taskmanager] [main] .s.d.r.c.RepositoryConfigurationDelegate : Finished Spring Data repository scanning in 39 ms. Found 4 JPA repository interfaces.
2026-10-05T16:38:13.665+03:00  INFO 29728 --- [taskmanager] [main] o.s.boot.tomcat.TomcatWebServer          : Tomcat initialized with port 8080 (http)
2026-10-05T16:38:13.676+03:00  INFO 29728 --- [taskmanager] [main] o.apache.catalina.core.StandardService   : Starting service [Tomcat]
2026-10-05T16:38:13.677+03:00  INFO 29728 --- [taskmanager] [main] o.apache.catalina.core.StandardEngine    : Starting Servlet engine: [Apache Tomcat/11.0.24]
2026-10-05T16:38:13.726+03:00  INFO 29728 --- [taskmanager] [main] b.w.c.s.WebApplicationContextInitializer : Root WebApplicationContext: initialization completed in 1281 ms
2026-10-05T16:38:13.910+03:00 DEBUG 29728 --- [taskmanager] [main] o.f.c.i.s.classpath.ClassPathScanner     : Scanning for classpath resources at 'classpath:db/callback' ...
2026-10-05T16:38:13.911+03:00 DEBUG 29728 --- [taskmanager] [main] o.f.c.i.s.classpath.ClassPathScanner     : Determining location urls for classpath:db/callback using ClassLoader TomcatEmbeddedWebappClassLoader
  context: ROOT
  delegate: true
----------> Parent Classloader:
jdk.internal.loader.ClassLoaders$AppClassLoader@3fee733d
 ...
2026-10-05T16:38:13.911+03:00 DEBUG 29728 --- [taskmanager] [main] o.f.c.i.s.classpath.ClassPathScanner     : Unable to resolve location classpath:db/callback.
2026-10-05T16:38:13.911+03:00 DEBUG 29728 --- [taskmanager] [main] o.f.c.i.s.classpath.ClassPathScanner     : Scanning for classpath resources at 'classpath:db/migration' ...
2026-10-05T16:38:13.911+03:00 DEBUG 29728 --- [taskmanager] [main] o.f.c.i.s.classpath.ClassPathScanner     : Determining location urls for classpath:db/migration using ClassLoader TomcatEmbeddedWebappClassLoader
  context: ROOT
  delegate: true
----------> Parent Classloader:
jdk.internal.loader.ClassLoaders$AppClassLoader@3fee733d
 ...
2026-10-05T16:38:13.911+03:00 DEBUG 29728 --- [taskmanager] [main] o.f.c.i.s.classpath.ClassPathScanner     : Scanning URL: file:/C:/Users/%d0%92%d0%b8%d1%82%d0%b0%d0%bb%d0%b8%d0%b9/Desktop/taskmanager/target/classes/db/migration
2026-10-05T16:38:13.913+03:00 DEBUG 29728 --- [taskmanager] [main] i.s.c.FileSystemClassPathLocationScanner : Scanning starting at classpath root in filesystem: C:\Users\Виталий\Desktop\taskmanager\target\classes\
2026-10-05T16:38:13.914+03:00 DEBUG 29728 --- [taskmanager] [main] i.s.c.FileSystemClassPathLocationScanner : Scanning for resources in path: C:\Users\Виталий\Desktop\taskmanager\target\classes\db\migration (db/migration)
2026-10-05T16:38:13.915+03:00 DEBUG 29728 --- [taskmanager] [main] o.f.c.i.s.classpath.ClassPathScanner     : Found resource: db/migration/V1__create_tables.sql
2026-10-05T16:38:13.916+03:00 DEBUG 29728 --- [taskmanager] [main] o.f.c.i.s.classpath.ClassPathScanner     : Found resource: db/migration/V2__add_created_at_to_tasks.sql
2026-10-05T16:38:13.916+03:00 DEBUG 29728 --- [taskmanager] [main] o.f.c.i.s.classpath.ClassPathScanner     : Found resource: db/migration/V3__create_refresh_tokens.sql
2026-10-05T16:38:13.916+03:00 DEBUG 29728 --- [taskmanager] [main] o.f.c.i.s.classpath.ClassPathScanner     : Scanning for classes at classpath:db/migration
2026-10-05T16:38:13.918+03:00  INFO 29728 --- [taskmanager] [main] com.zaxxer.hikari.HikariDataSource       : HikariPool-1 - Starting...
2026-10-05T16:38:14.060+03:00  INFO 29728 --- [taskmanager] [main] com.zaxxer.hikari.pool.HikariPool        : HikariPool-1 - Added connection conn0: url=jdbc:h2:mem:taskdb user=SA
2026-10-05T16:38:14.062+03:00  INFO 29728 --- [taskmanager] [main] com.zaxxer.hikari.HikariDataSource       : HikariPool-1 - Start completed.
2026-10-05T16:38:14.073+03:00 DEBUG 29728 --- [taskmanager] [main] o.f.c.i.resource.ResourceNameValidator   : Validating V2__add_created_at_to_tasks.sql
2026-10-05T16:38:14.074+03:00 DEBUG 29728 --- [taskmanager] [main] o.f.c.i.resource.ResourceNameValidator   : Validating V3__create_refresh_tokens.sql
2026-10-05T16:38:14.074+03:00 DEBUG 29728 --- [taskmanager] [main] o.f.c.i.resource.ResourceNameValidator   : Validating V1__create_tables.sql
2026-10-05T16:38:14.098+03:00  INFO 29728 --- [taskmanager] [main] org.flywaydb.core.FlywayExecutor         : Database: jdbc:h2:mem:taskdb (H2 2.4)
2026-10-05T16:38:14.098+03:00 DEBUG 29728 --- [taskmanager] [main] org.flywaydb.core.FlywayExecutor         : Database Type: H2
2026-10-05T16:38:14.098+03:00 DEBUG 29728 --- [taskmanager] [main] org.flywaydb.core.FlywayExecutor         : Driver: H2 JDBC Driver 2.4.240 (2025-09-22)
2026-10-05T16:38:14.098+03:00 DEBUG 29728 --- [taskmanager] [main] org.flywaydb.core.FlywayExecutor         : DDL Transactions Supported: false
2026-10-05T16:38:14.099+03:00 DEBUG 29728 --- [taskmanager] [main] o.f.c.i.s.SchemaHistoryFactory           : Schemas: 
2026-10-05T16:38:14.100+03:00 DEBUG 29728 --- [taskmanager] [main] o.f.c.i.s.SchemaHistoryFactory           : Default schema: null
2026-10-05T16:38:14.103+03:00  WARN 29728 --- [taskmanager] [main] o.f.c.internal.database.base.Database    : Flyway upgrade recommended: H2 2.4.240 is newer than this version of Flyway and support has not been tested. The latest supported version of H2 is 2.3.232.
2026-10-05T16:38:14.104+03:00 DEBUG 29728 --- [taskmanager] [main] org.flywaydb.core.FlywayExecutor         : Scanning for script callbacks ...
2026-10-05T16:38:14.106+03:00 DEBUG 29728 --- [taskmanager] [main] o.f.c.i.c.SqlScriptCallbackFactory       : Scanning for SQL callbacks ...
2026-10-05T16:38:14.112+03:00 DEBUG 29728 --- [taskmanager] [main] o.f.core.internal.command.DbValidate     : Validating migrations ...
2026-10-05T16:38:14.114+03:00 DEBUG 29728 --- [taskmanager] [main] o.f.c.a.c.ClassicConfiguration           : CherryPickConfigurationExtension not found
2026-10-05T16:38:14.120+03:00 DEBUG 29728 --- [taskmanager] [main] o.f.core.internal.scanner.Scanner        : Filtering out resource: db/migration/V2__add_created_at_to_tasks.sql (filename: V2__add_created_at_to_tasks.sql)
2026-10-05T16:38:14.121+03:00 DEBUG 29728 --- [taskmanager] [main] o.f.core.internal.scanner.Scanner        : Filtering out resource: db/migration/V3__create_refresh_tokens.sql (filename: V3__create_refresh_tokens.sql)
2026-10-05T16:38:14.121+03:00 DEBUG 29728 --- [taskmanager] [main] o.f.core.internal.scanner.Scanner        : Filtering out resource: db/migration/V1__create_tables.sql (filename: V1__create_tables.sql)
2026-10-05T16:38:14.121+03:00 DEBUG 29728 --- [taskmanager] [main] o.f.core.internal.scanner.Scanner        : Filtering out resource: db/migration/V2__add_created_at_to_tasks.sql (filename: V2__add_created_at_to_tasks.sql)
2026-10-05T16:38:14.121+03:00 DEBUG 29728 --- [taskmanager] [main] o.f.core.internal.scanner.Scanner        : Filtering out resource: db/migration/V3__create_refresh_tokens.sql (filename: V3__create_refresh_tokens.sql)
2026-10-05T16:38:14.122+03:00 DEBUG 29728 --- [taskmanager] [main] o.f.core.internal.scanner.Scanner        : Filtering out resource: db/migration/V1__create_tables.sql (filename: V1__create_tables.sql)
2026-10-05T16:38:14.122+03:00 DEBUG 29728 --- [taskmanager] [main] o.f.core.internal.scanner.Scanner        : Filtering out resource: db/migration/V2__add_created_at_to_tasks.sql (filename: V2__add_created_at_to_tasks.sql)
2026-10-05T16:38:14.123+03:00 DEBUG 29728 --- [taskmanager] [main] o.f.core.internal.scanner.Scanner        : Filtering out resource: db/migration/V3__create_refresh_tokens.sql (filename: V3__create_refresh_tokens.sql)
2026-10-05T16:38:14.123+03:00 DEBUG 29728 --- [taskmanager] [main] o.f.core.internal.scanner.Scanner        : Filtering out resource: db/migration/V1__create_tables.sql (filename: V1__create_tables.sql)
2026-10-05T16:38:14.123+03:00 DEBUG 29728 --- [taskmanager] [main] o.f.core.internal.scanner.Scanner        : Filtering out resource: db/migration/V2__add_created_at_to_tasks.sql (filename: V2__add_created_at_to_tasks.sql)
2026-10-05T16:38:14.123+03:00 DEBUG 29728 --- [taskmanager] [main] o.f.core.internal.scanner.Scanner        : Filtering out resource: db/migration/V3__create_refresh_tokens.sql (filename: V3__create_refresh_tokens.sql)
2026-10-05T16:38:14.123+03:00 DEBUG 29728 --- [taskmanager] [main] o.f.core.internal.scanner.Scanner        : Filtering out resource: db/migration/V1__create_tables.sql (filename: V1__create_tables.sql)
2026-10-05T16:38:14.125+03:00  INFO 29728 --- [taskmanager] [main] o.f.c.i.s.JdbcTableSchemaHistory         : Schema history table "PUBLIC"."flyway_schema_history" does not exist yet
2026-10-05T16:38:14.127+03:00  INFO 29728 --- [taskmanager] [main] o.f.core.internal.command.DbValidate     : Successfully validated 3 migrations (execution time 00:00.014s)
2026-10-05T16:38:14.128+03:00 DEBUG 29728 --- [taskmanager] [main] o.f.core.internal.command.DbSchemas      : Skipping creation of existing schema: "PUBLIC"
2026-10-05T16:38:14.131+03:00  INFO 29728 --- [taskmanager] [main] o.f.c.i.s.JdbcTableSchemaHistory         : Creating Schema History table "PUBLIC"."flyway_schema_history" ...
2026-10-05T16:38:14.135+03:00 DEBUG 29728 --- [taskmanager] [main] o.flywaydb.core.internal.parser.Parser   : Parsing  ...
2026-10-05T16:38:14.141+03:00 DEBUG 29728 --- [taskmanager] [main] o.f.c.i.sqlscript.ParserSqlScript        : Found statement at line 1: CREATE TABLE IF NOT EXISTS "PUBLIC"."flyway_schema_history" (
    "installed_rank" INT NOT NULL,
    "version" VARCHAR(50),
    "description" VARCHAR(200) NOT NULL,
    "type" VARCHAR(20) NOT NULL,
    "script" VARCHAR(1000) NOT NULL,
    "checksum" INT,
    "installed_by" VARCHAR(100) NOT NULL,
    "installed_on" TIMESTAMP NOT NULL DEFAULT CURRENT_TIMESTAMP,
    "execution_time" INT NOT NULL,
    "success" BOOLEAN NOT NULL,
    CONSTRAINT "flyway_schema_history_pk" PRIMARY KEY ("installed_rank")
) AS SELECT -1, NULL, '<< Flyway Schema History table created >>', 'TABLE', '', NULL, 'SA', CURRENT_TIMESTAMP, 0, TRUE
2026-10-05T16:38:14.142+03:00 DEBUG 29728 --- [taskmanager] [main] o.f.c.i.sqlscript.ParserSqlScript        : Found statement at line 14: CREATE INDEX "PUBLIC"."flyway_schema_history_s_idx" ON "PUBLIC"."flyway_schema_history" ("success")
2026-10-05T16:38:14.142+03:00 DEBUG 29728 --- [taskmanager] [main] o.f.c.i.s.DefaultSqlScriptExecutor       : Executing SQL: CREATE TABLE IF NOT EXISTS "PUBLIC"."flyway_schema_history" (
    "installed_rank" INT NOT NULL,
    "version" VARCHAR(50),
    "description" VARCHAR(200) NOT NULL,
    "type" VARCHAR(20) NOT NULL,
    "script" VARCHAR(1000) NOT NULL,
    "checksum" INT,
    "installed_by" VARCHAR(100) NOT NULL,
    "installed_on" TIMESTAMP NOT NULL DEFAULT CURRENT_TIMESTAMP,
    "execution_time" INT NOT NULL,
    "success" BOOLEAN NOT NULL,
    CONSTRAINT "flyway_schema_history_pk" PRIMARY KEY ("installed_rank")
) AS SELECT -1, NULL, '<< Flyway Schema History table created >>', 'TABLE', '', NULL, 'SA', CURRENT_TIMESTAMP, 0, TRUE
2026-10-05T16:38:14.148+03:00 DEBUG 29728 --- [taskmanager] [main] o.f.c.i.s.DefaultSqlScriptExecutor       : 0 rows affected
2026-10-05T16:38:14.149+03:00 DEBUG 29728 --- [taskmanager] [main] o.f.c.i.s.DefaultSqlScriptExecutor       : Executing SQL: CREATE INDEX "PUBLIC"."flyway_schema_history_s_idx" ON "PUBLIC"."flyway_schema_history" ("success")
2026-10-05T16:38:14.151+03:00 DEBUG 29728 --- [taskmanager] [main] o.f.c.i.s.DefaultSqlScriptExecutor       : 0 rows affected
2026-10-05T16:38:14.151+03:00 DEBUG 29728 --- [taskmanager] [main] o.f.c.i.s.JdbcTableSchemaHistory         : Created Schema History table "PUBLIC"."flyway_schema_history"
2026-10-05T16:38:14.156+03:00 DEBUG 29728 --- [taskmanager] [main] o.f.c.a.c.ClassicConfiguration           : CherryPickConfigurationExtension not found
2026-10-05T16:38:14.160+03:00  INFO 29728 --- [taskmanager] [main] o.f.core.internal.command.DbMigrate      : Current version of schema "PUBLIC": << Empty Schema >>
2026-10-05T16:38:14.161+03:00 DEBUG 29728 --- [taskmanager] [main] o.flywaydb.core.internal.parser.Parser   : Parsing V1__create_tables.sql ...
2026-10-05T16:38:14.163+03:00 DEBUG 29728 --- [taskmanager] [main] o.f.c.i.sqlscript.ParserSqlScript        : Found statement at line 1: CREATE TABLE users (
                       id BIGINT GENERATED BY DEFAULT AS IDENTITY PRIMARY KEY,
                       email VARCHAR(255) NOT NULL UNIQUE,
                       password VARCHAR(255) NOT NULL,
                       role VARCHAR(50) NOT NULL
)
2026-10-05T16:38:14.165+03:00 DEBUG 29728 --- [taskmanager] [main] o.f.c.i.sqlscript.ParserSqlScript        : Found statement at line 8: CREATE TABLE tasks (
                       id BIGINT GENERATED BY DEFAULT AS IDENTITY PRIMARY KEY,
                       title VARCHAR(255) NOT NULL,
                       description VARCHAR(255),
                       priority VARCHAR(50) NOT NULL,
                       status VARCHAR(50) NOT NULL DEFAULT 'NEW',
                       owner_id BIGINT,
                       CONSTRAINT fk_tasks_owner FOREIGN KEY (owner_id) REFERENCES users(id)
)
2026-10-05T16:38:14.167+03:00 DEBUG 29728 --- [taskmanager] [main] o.f.c.i.sqlscript.ParserSqlScript        : Found statement at line 18: CREATE TABLE audit_logs (
                            id BIGINT GENERATED BY DEFAULT AS IDENTITY PRIMARY KEY,
                            action VARCHAR(255) NOT NULL,
                            task_id BIGINT,
                            created_at TIMESTAMP NOT NULL
)
2026-10-05T16:38:14.167+03:00 DEBUG 29728 --- [taskmanager] [main] o.f.c.i.sqlscript.ParserSqlScript        : Found statement at line 25: INSERT INTO tasks (title, description, priority, status)
VALUES ('Изучить Flyway', 'Первая миграция', 'HIGH', 'NEW'),
       ('Написать тесты', 'Потом', 'MEDIUM', 'NEW')
2026-10-05T16:38:14.168+03:00 DEBUG 29728 --- [taskmanager] [main] o.f.core.internal.command.DbMigrate      : Starting migration of schema "PUBLIC" to version "1 - create tables" ...
2026-10-05T16:38:14.169+03:00  INFO 29728 --- [taskmanager] [main] o.f.core.internal.command.DbMigrate      : Migrating schema "PUBLIC" to version "1 - create tables"
2026-10-05T16:38:14.170+03:00 DEBUG 29728 --- [taskmanager] [main] o.f.c.i.s.DefaultSqlScriptExecutor       : Executing SQL: CREATE TABLE users (
                       id BIGINT GENERATED BY DEFAULT AS IDENTITY PRIMARY KEY,
                       email VARCHAR(255) NOT NULL UNIQUE,
                       password VARCHAR(255) NOT NULL,
                       role VARCHAR(50) NOT NULL
)
2026-10-05T16:38:14.175+03:00 DEBUG 29728 --- [taskmanager] [main] o.f.c.i.s.DefaultSqlScriptExecutor       : 0 rows affected
2026-10-05T16:38:14.175+03:00 DEBUG 29728 --- [taskmanager] [main] o.f.c.i.s.DefaultSqlScriptExecutor       : Executing SQL: CREATE TABLE tasks (
                       id BIGINT GENERATED BY DEFAULT AS IDENTITY PRIMARY KEY,
                       title VARCHAR(255) NOT NULL,
                       description VARCHAR(255),
                       priority VARCHAR(50) NOT NULL,
                       status VARCHAR(50) NOT NULL DEFAULT 'NEW',
                       owner_id BIGINT,
                       CONSTRAINT fk_tasks_owner FOREIGN KEY (owner_id) REFERENCES users(id)
)
2026-10-05T16:38:14.178+03:00 DEBUG 29728 --- [taskmanager] [main] o.f.c.i.s.DefaultSqlScriptExecutor       : 0 rows affected
2026-10-05T16:38:14.179+03:00 DEBUG 29728 --- [taskmanager] [main] o.f.c.i.s.DefaultSqlScriptExecutor       : Executing SQL: CREATE TABLE audit_logs (
                            id BIGINT GENERATED BY DEFAULT AS IDENTITY PRIMARY KEY,
                            action VARCHAR(255) NOT NULL,
                            task_id BIGINT,
                            created_at TIMESTAMP NOT NULL
)
2026-10-05T16:38:14.179+03:00 DEBUG 29728 --- [taskmanager] [main] o.f.c.i.s.DefaultSqlScriptExecutor       : 0 rows affected
2026-10-05T16:38:14.179+03:00 DEBUG 29728 --- [taskmanager] [main] o.f.c.i.s.DefaultSqlScriptExecutor       : Executing SQL: INSERT INTO tasks (title, description, priority, status)
VALUES ('Изучить Flyway', 'Первая миграция', 'HIGH', 'NEW'),
       ('Написать тесты', 'Потом', 'MEDIUM', 'NEW')
2026-10-05T16:38:14.180+03:00 DEBUG 29728 --- [taskmanager] [main] o.f.c.i.s.DefaultSqlScriptExecutor       : 2 rows affected
2026-10-05T16:38:14.180+03:00 DEBUG 29728 --- [taskmanager] [main] o.f.core.internal.command.DbMigrate      : Successfully completed migration of schema "PUBLIC" to version "1 - create tables"
2026-10-05T16:38:14.183+03:00 DEBUG 29728 --- [taskmanager] [main] o.f.c.i.s.JdbcTableSchemaHistory         : Schema History table "PUBLIC"."flyway_schema_history" successfully updated to reflect changes
2026-10-05T16:38:14.184+03:00 DEBUG 29728 --- [taskmanager] [main] o.f.c.a.c.ClassicConfiguration           : CherryPickConfigurationExtension not found
2026-10-05T16:38:14.187+03:00 DEBUG 29728 --- [taskmanager] [main] o.flywaydb.core.internal.parser.Parser   : Parsing V2__add_created_at_to_tasks.sql ...
2026-10-05T16:38:14.188+03:00 DEBUG 29728 --- [taskmanager] [main] o.f.c.i.sqlscript.ParserSqlScript        : Found statement at line 1: ALTER TABLE tasks ADD COLUMN created_at TIMESTAMP DEFAULT NOW()
2026-10-05T16:38:14.188+03:00 DEBUG 29728 --- [taskmanager] [main] o.f.core.internal.command.DbMigrate      : Starting migration of schema "PUBLIC" to version "2 - add created at to tasks" ...
2026-10-05T16:38:14.189+03:00  INFO 29728 --- [taskmanager] [main] o.f.core.internal.command.DbMigrate      : Migrating schema "PUBLIC" to version "2 - add created at to tasks"
2026-10-05T16:38:14.189+03:00 DEBUG 29728 --- [taskmanager] [main] o.f.c.i.s.DefaultSqlScriptExecutor       : Executing SQL: ALTER TABLE tasks ADD COLUMN created_at TIMESTAMP DEFAULT NOW()
2026-10-05T16:38:14.194+03:00 DEBUG 29728 --- [taskmanager] [main] o.f.c.i.s.DefaultSqlScriptExecutor       : 0 rows affected
2026-10-05T16:38:14.195+03:00 DEBUG 29728 --- [taskmanager] [main] o.f.core.internal.command.DbMigrate      : Successfully completed migration of schema "PUBLIC" to version "2 - add created at to tasks"
2026-10-05T16:38:14.196+03:00 DEBUG 29728 --- [taskmanager] [main] o.f.c.i.s.JdbcTableSchemaHistory         : Schema History table "PUBLIC"."flyway_schema_history" successfully updated to reflect changes
2026-10-05T16:38:14.196+03:00 DEBUG 29728 --- [taskmanager] [main] o.f.c.a.c.ClassicConfiguration           : CherryPickConfigurationExtension not found
2026-10-05T16:38:14.197+03:00 DEBUG 29728 --- [taskmanager] [main] o.flywaydb.core.internal.parser.Parser   : Parsing V3__create_refresh_tokens.sql ...
2026-10-05T16:38:14.198+03:00 DEBUG 29728 --- [taskmanager] [main] o.f.c.i.sqlscript.ParserSqlScript        : Found statement at line 1: CREATE TABLE refresh_tokens (
                                id BIGINT GENERATED BY DEFAULT AS IDENTITY PRIMARY KEY,
                                token VARCHAR(255) NOT NULL UNIQUE,
                                user_id BIGINT,
                                expires_at TIMESTAMP NOT NULL,
                                CONSTRAINT fk_refresh_user FOREIGN KEY (user_id) REFERENCES users(id)
)
2026-10-05T16:38:14.199+03:00 DEBUG 29728 --- [taskmanager] [main] o.f.core.internal.command.DbMigrate      : Starting migration of schema "PUBLIC" to version "3 - create refresh tokens" ...
2026-10-05T16:38:14.199+03:00  INFO 29728 --- [taskmanager] [main] o.f.core.internal.command.DbMigrate      : Migrating schema "PUBLIC" to version "3 - create refresh tokens"
2026-10-05T16:38:14.199+03:00 DEBUG 29728 --- [taskmanager] [main] o.f.c.i.s.DefaultSqlScriptExecutor       : Executing SQL: CREATE TABLE refresh_tokens (
                                id BIGINT GENERATED BY DEFAULT AS IDENTITY PRIMARY KEY,
                                token VARCHAR(255) NOT NULL UNIQUE,
                                user_id BIGINT,
                                expires_at TIMESTAMP NOT NULL,
                                CONSTRAINT fk_refresh_user FOREIGN KEY (user_id) REFERENCES users(id)
)
2026-10-05T16:38:14.201+03:00 DEBUG 29728 --- [taskmanager] [main] o.f.c.i.s.DefaultSqlScriptExecutor       : 0 rows affected
2026-10-05T16:38:14.201+03:00 DEBUG 29728 --- [taskmanager] [main] o.f.core.internal.command.DbMigrate      : Successfully completed migration of schema "PUBLIC" to version "3 - create refresh tokens"
2026-10-05T16:38:14.202+03:00 DEBUG 29728 --- [taskmanager] [main] o.f.c.i.s.JdbcTableSchemaHistory         : Schema History table "PUBLIC"."flyway_schema_history" successfully updated to reflect changes
2026-10-05T16:38:14.203+03:00 DEBUG 29728 --- [taskmanager] [main] o.f.c.a.c.ClassicConfiguration           : CherryPickConfigurationExtension not found
2026-10-05T16:38:14.205+03:00  INFO 29728 --- [taskmanager] [main] o.f.core.internal.command.DbMigrate      : Successfully applied 3 migrations to schema "PUBLIC", now at version v3 (execution time 00:00.018s)
2026-10-05T16:38:14.210+03:00 DEBUG 29728 --- [taskmanager] [main] org.flywaydb.core.FlywayExecutor         : Memory usage: 106 of 288M
2026-10-05T16:38:14.281+03:00  INFO 29728 --- [taskmanager] [main] org.hibernate.orm.jpa                    : HHH008540: Processing PersistenceUnitInfo [name: default]
2026-10-05T16:38:14.325+03:00  INFO 29728 --- [taskmanager] [main] org.hibernate.orm.core                   : HHH000001: Hibernate ORM core version 7.4.5.Final
2026-10-05T16:38:14.679+03:00  INFO 29728 --- [taskmanager] [main] o.s.o.j.p.SpringPersistenceUnitInfo      : No LoadTimeWeaver setup: ignoring JPA class transformer
2026-10-05T16:38:14.745+03:00  INFO 29728 --- [taskmanager] [main] org.hibernate.orm.connections.pooling    : HHH10001005: Database info:
	Database JDBC URL [jdbc:h2:mem:taskdb]
	Database driver: H2 JDBC Driver
	Database dialect: H2Dialect
	Database version: 2.4.240
	Default catalog/schema: TASKDB/PUBLIC
	Autocommit mode: undefined/unknown
	Isolation level: READ_COMMITTED [default READ_COMMITTED]
	JDBC fetch size: 100
	Pool: DataSourceConnectionProvider
	Minimum pool size: undefined/unknown
	Maximum pool size: undefined/unknown
2026-10-05T16:38:15.479+03:00  INFO 29728 --- [taskmanager] [main] org.hibernate.orm.core                   : HHH000489: No JTA platform available (set 'hibernate.transaction.jta.platform' to enable JTA platform integration)
2026-10-05T16:38:15.485+03:00  INFO 29728 --- [taskmanager] [main] j.LocalContainerEntityManagerFactoryBean : Initialized JPA EntityManagerFactory for persistence unit 'default'
2026-10-05T16:38:15.544+03:00  INFO 29728 --- [taskmanager] [main] o.s.d.j.r.query.QueryEnhancerFactories   : Hibernate is in classpath; If applicable, HQL parser will be used.
2026-10-05T16:38:15.781+03:00  INFO 29728 --- [taskmanager] [main] r$InitializeUserDetailsManagerConfigurer : Global AuthenticationManager configured with UserDetailsService bean with name userDetailsServiceImpl
2026-10-05T16:38:16.136+03:00 TRACE 29728 --- [taskmanager] [main] t.a.AnnotationTransactionAttributeSource : Adding transactional method 'com.example.taskmanager.service.RefreshTokenService.create' with attribute: PROPAGATION_REQUIRED,ISOLATION_DEFAULT
2026-10-05T16:38:16.148+03:00 TRACE 29728 --- [taskmanager] [main] t.a.AnnotationTransactionAttributeSource : Adding transactional method 'com.example.taskmanager.service.RefreshTokenService.verify' with attribute: PROPAGATION_REQUIRED,ISOLATION_DEFAULT
2026-10-05T16:38:16.148+03:00 TRACE 29728 --- [taskmanager] [main] t.a.AnnotationTransactionAttributeSource : Adding transactional method 'com.example.taskmanager.service.RefreshTokenService.deleteByUserId' with attribute: PROPAGATION_REQUIRED,ISOLATION_DEFAULT
2026-10-05T16:38:16.155+03:00 TRACE 29728 --- [taskmanager] [main] t.a.AnnotationTransactionAttributeSource : Adding transactional method 'com.example.taskmanager.service.AuthService.register' with attribute: PROPAGATION_REQUIRED,ISOLATION_DEFAULT
2026-10-05T16:38:16.156+03:00 TRACE 29728 --- [taskmanager] [main] t.a.AnnotationTransactionAttributeSource : Adding transactional method 'com.example.taskmanager.service.AuthService.refresh' with attribute: PROPAGATION_REQUIRED,ISOLATION_DEFAULT
2026-10-05T16:38:16.156+03:00 TRACE 29728 --- [taskmanager] [main] t.a.AnnotationTransactionAttributeSource : Adding transactional method 'com.example.taskmanager.service.AuthService.logout' with attribute: PROPAGATION_REQUIRED,ISOLATION_DEFAULT
2026-10-05T16:38:16.156+03:00 TRACE 29728 --- [taskmanager] [main] t.a.AnnotationTransactionAttributeSource : Adding transactional method 'com.example.taskmanager.service.AuthService.login' with attribute: PROPAGATION_REQUIRED,ISOLATION_DEFAULT
2026-10-05T16:38:16.431+03:00 TRACE 29728 --- [taskmanager] [main] t.a.AnnotationTransactionAttributeSource : Adding transactional method 'com.example.taskmanager.service.AuditService.logAction' with attribute: PROPAGATION_REQUIRES_NEW,ISOLATION_DEFAULT
2026-10-05T16:38:16.435+03:00 TRACE 29728 --- [taskmanager] [main] t.a.AnnotationTransactionAttributeSource : Adding transactional method 'com.example.taskmanager.service.TaskService.update' with attribute: PROPAGATION_REQUIRED,ISOLATION_DEFAULT
2026-10-05T16:38:16.440+03:00 TRACE 29728 --- [taskmanager] [main] t.a.AnnotationTransactionAttributeSource : Adding transactional method 'com.example.taskmanager.service.TaskService.delete' with attribute: PROPAGATION_REQUIRED,ISOLATION_DEFAULT
2026-10-05T16:38:16.441+03:00 TRACE 29728 --- [taskmanager] [main] t.a.AnnotationTransactionAttributeSource : Adding transactional method 'com.example.taskmanager.service.TaskService.create' with attribute: PROPAGATION_REQUIRED,ISOLATION_DEFAULT
2026-10-05T16:38:16.441+03:00 TRACE 29728 --- [taskmanager] [main] t.a.AnnotationTransactionAttributeSource : Adding transactional method 'com.example.taskmanager.service.TaskService.search' with attribute: PROPAGATION_REQUIRED,ISOLATION_DEFAULT,readOnly
2026-10-05T16:38:16.441+03:00 TRACE 29728 --- [taskmanager] [main] t.a.AnnotationTransactionAttributeSource : Adding transactional method 'com.example.taskmanager.service.TaskService.getAll' with attribute: PROPAGATION_REQUIRED,ISOLATION_DEFAULT,readOnly
2026-10-05T16:38:16.441+03:00 TRACE 29728 --- [taskmanager] [main] t.a.AnnotationTransactionAttributeSource : Adding transactional method 'com.example.taskmanager.service.TaskService.updateStatus' with attribute: PROPAGATION_REQUIRED,ISOLATION_DEFAULT
2026-10-05T16:38:16.441+03:00 TRACE 29728 --- [taskmanager] [main] t.a.AnnotationTransactionAttributeSource : Adding transactional method 'com.example.taskmanager.service.TaskService.getById' with attribute: PROPAGATION_REQUIRED,ISOLATION_DEFAULT,readOnly
2026-10-05T16:38:16.442+03:00 TRACE 29728 --- [taskmanager] [main] t.a.AnnotationTransactionAttributeSource : Adding transactional method 'com.example.taskmanager.service.TaskService.getMy' with attribute: PROPAGATION_REQUIRED,ISOLATION_DEFAULT,readOnly
2026-10-05T16:38:16.442+03:00 TRACE 29728 --- [taskmanager] [main] t.a.AnnotationTransactionAttributeSource : Adding transactional method 'com.example.taskmanager.service.TaskService.getStats' with attribute: PROPAGATION_REQUIRED,ISOLATION_DEFAULT,readOnly
2026-10-05T16:38:16.442+03:00 TRACE 29728 --- [taskmanager] [main] t.a.AnnotationTransactionAttributeSource : Adding transactional method 'com.example.taskmanager.service.TaskService.getAllPaged' with attribute: PROPAGATION_REQUIRED,ISOLATION_DEFAULT,readOnly
2026-10-05T16:38:16.552+03:00  WARN 29728 --- [taskmanager] [main] JpaBaseConfiguration$JpaWebConfiguration : spring.jpa.open-in-view is enabled by default. Therefore, database queries may be performed during view rendering. Explicitly configure spring.jpa.open-in-view to disable this warning
2026-10-05T16:38:16.806+03:00 DEBUG 29728 --- [taskmanager] [main] o.s.s.web.DefaultSecurityFilterChain     : Will secure any request with filters: DisableEncodeUrlFilter, WebAsyncManagerIntegrationFilter, SecurityContextHolderFilter, HeaderWriterFilter, LogoutFilter, JwtAuthFilter, UsernamePasswordAuthenticationFilter, RequestCacheAwareFilter, SecurityContextHolderAwareRequestFilter, AnonymousAuthenticationFilter, SessionManagementFilter, ExceptionTranslationFilter, AuthorizationFilter
2026-10-05T16:38:17.225+03:00  INFO 29728 --- [taskmanager] [main] o.s.b.h.a.H2ConsoleAutoConfiguration     : H2 console available at '/h2-console'. Database available at 'jdbc:h2:mem:taskdb'
2026-10-05T16:38:17.282+03:00  INFO 29728 --- [taskmanager] [main] o.s.boot.tomcat.TomcatWebServer          : Tomcat started on port 8080 (http) with context path '/'
2026-10-05T16:38:17.288+03:00  INFO 29728 --- [taskmanager] [main] c.e.taskmanager.TaskmanagerApplication   : Started TaskmanagerApplication in 5.177 seconds (process running for 5.623)
2026-10-05T16:38:17.292+03:00 TRACE 29728 --- [taskmanager] [main] o.s.t.i.TransactionInterceptor           : No need to create transaction for [org.springframework.data.jpa.repository.support.SimpleJpaRepository.findByEmail]: This method is not transactional.
2026-10-05T16:38:17.458+03:00 TRACE 29728 --- [taskmanager] [main] o.s.t.i.TransactionInterceptor           : Getting transaction for [org.springframework.data.jpa.repository.support.SimpleJpaRepository.save]
2026-10-05T16:38:17.488+03:00 TRACE 29728 --- [taskmanager] [main] o.s.t.i.TransactionInterceptor           : Completing transaction for [org.springframework.data.jpa.repository.support.SimpleJpaRepository.save]
2026-10-05T16:38:17.494+03:00 TRACE 29728 --- [taskmanager] [main] o.s.t.i.TransactionInterceptor           : No need to create transaction for [org.springframework.data.jpa.repository.support.SimpleJpaRepository.findByEmail]: This method is not transactional.
2026-10-05T16:38:17.562+03:00 TRACE 29728 --- [taskmanager] [main] o.s.t.i.TransactionInterceptor           : Getting transaction for [org.springframework.data.jpa.repository.support.SimpleJpaRepository.save]
2026-10-05T16:38:17.564+03:00 TRACE 29728 --- [taskmanager] [main] o.s.t.i.TransactionInterceptor           : Completing transaction for [org.springframework.data.jpa.repository.support.SimpleJpaRepository.save]
2026-10-05T16:38:17.564+03:00  WARN 29728 --- [taskmanager] [main] o.s.core.events.SpringDocAppInitializer  : SpringDoc /v3/api-docs endpoint is enabled by default. To disable it in production, set the property 'springdoc.api-docs.enabled=false'
2026-10-05T16:38:17.564+03:00  WARN 29728 --- [taskmanager] [main] o.s.core.events.SpringDocAppInitializer  : SpringDoc /swagger-ui.html endpoint is enabled by default. To disable it in production, set the property 'springdoc.swagger-ui.enabled=false'
2026-10-05T16:42:09.104+03:00  INFO 29728 --- [taskmanager] [SpringApplicationShutdownHook] o.s.boot.tomcat.GracefulShutdown         : Commencing graceful shutdown. Waiting for active requests to complete
2026-10-05T16:42:09.115+03:00  INFO 29728 --- [taskmanager] [tomcat-shutdown] o.s.boot.tomcat.GracefulShutdown         : Graceful shutdown complete
2026-10-05T16:42:09.120+03:00  INFO 29728 --- [taskmanager] [SpringApplicationShutdownHook] j.LocalContainerEntityManagerFactoryBean : Closing JPA EntityManagerFactory for persistence unit 'default'
2026-10-05T16:42:09.123+03:00  INFO 29728 --- [taskmanager] [SpringApplicationShutdownHook] com.zaxxer.hikari.HikariDataSource       : HikariPool-1 - Shutdown initiated...
2026-10-05T16:42:09.129+03:00  INFO 29728 --- [taskmanager] [SpringApplicationShutdownHook] com.zaxxer.hikari.HikariDataSource       : HikariPool-1 - Shutdown completed.
